day_of_year,day_of_year_sin,freight_rate_usd_mt,bunker_price_usd_mt,days_since_start
1,0.017213356155834685,16.8618,92.9396,1
2,0.03442161162274574,17.8624,94.1894,2
3,0.051619667223253764,16.8788,88.515,3
4,0.06880242680231986,17.4735,93.3569,4
5,0.08596479873744647,17.3232,93.3066,5
6,0.10310169744743485,18.1744,95.5455,6
7,0.1202080448993527,18.4023,94.0225,7
8,0.13727877211326478,17.6091,95.1712,8
9,0.15430882066428117,17.6499,95.2183,9
10,0.1712931441814776,18.1581,96.6028,10
11,0.1882267098432442,17.9293,94.5254,11
12,0.2051044998686192,18.2838,97.882,12
13,0.2219215130041655,18.2288,94.5089,13
14,0.2386727660059501,18.6515,96.8793,14
15,0.255353295116187,18.7488,96.8714,15
16,0.2719581575341055,18.4852,100.9281,16
17,0.288482432880609,18.2958,95.3406,17
18,0.30492122465628907,21.6601,98.0715,18
19,0.3212696616923644,20.8111,96.712,19
20,0.3375228995941133,21.5157,95.3927,20
21,0.3536761221763716,21.5572,99.083,21
22,0.3697245428906731,21.4245,96.2223,22
23,0.38566340624360707,21.4794,98.1788,23
24,0.401487989205973,21.5378,100.0719,24
25,0.4171936026123168,21.4946,99.878,25
26,0.4327755925504312,21.7661,99.2468,26
27,0.4482293417404106,21.3161,95.6281,27
28,0.4635502709028509,21.2186,98.0186,28
29,0.47873384011578846,22.2001,98.6642,29
30,0.49377555015997715,21.9598,97.577,30
31,0.5086709438521044,18.9604,95.9882,31
32,0.5234156073655503,19.4287,100.2533,32
33,0.5380051715382996,19.5379,101.6607,33
34,0.5524353131676196,18.9432,99.5256,34
35,0.5667017562911176,19.0921,102.3728,35
36,0.5808002734538009,18.6041,97.867,36
37,0.5947266869607634,19.3367,98.8346,37
38,0.6084768701151261,19.4386,101.3502,38
39,0.6220467484408675,19.1687,100.2718,39
40,0.6354323008901774,18.9684,102.7583,40
41,0.6486295610349814,18.7858,102.5524,41
42,0.6616346182422783,18.8692,100.9095,42
43,0.6744436188329455,19.2156,99.2332,43
44,0.6870527672236669,18.9976,100.9822,44
45,0.699458327051647,19.1935,103.2183,45
46,0.7116566222817746,18.9279,103.7652,46
47,0.7236440382959124,18.882,101.5056,47
48,0.7354170229639855,18.2076,98.855,48
49,0.7469720876965552,18.394,99.7821,49
50,0.7583058084785624,18.4555,103.6911,50
51,0.7694148268839378,19.4024,102.0938,51
52,0.7802958510707755,19.1264,102.2506,52
53,0.7909456567567772,18.6641,101.0834,53
54,0.8013610881746766,18.5821,101.1448,54
55,0.8115390590073611,17.9848,105.1753,55
56,0.8214765533024142,18.8402,104.3684,56
57,0.8311706263658079,18.039,102.1859,57
58,0.8406184056344782,18.4549,103.7262,58
59,0.8498170915275278,18.6954,104.1482,59
60,0.8587639582758029,18.6046,107.223,60
61,0.8674563547295969,18.7168,101.5044,61
62,0.8758917051442429,19.2764,104.2911,62
63,0.8840675099433636,18.8403,105.6895,63
64,0.8919813464595485,18.1629,107.1107,64
65,0.8996308696522433,18.23,102.5171,65
66,0.9070138128026359,18.0417,103.0941,66
67,0.9141279881853337,18.599,105.3702,67
68,0.9209712877166346,18.2003,100.7521,68
69,0.9275416835791966,19.0986,104.6867,69
70,0.9338372288229252,20.0972,108.3928,70
71,0.9398560579418954,18.3222,104.9087,71
72,0.9455963874271426,18.847,99.2974,72
73,0.9510565162951535,18.6038,102.1843,73
74,0.9562348265919056,18.7648,102.6051,74
75,0.9611297838723007,18.9782,106.2697,75
76,0.9657399376548549,18.4469,103.5424,76
77,0.9700639218515071,18.6944,100.168,77
78,0.9741004551724205,19.7944,103.6888,78
79,0.9778483415056568,19.4909,104.0427,79
80,0.9813064702716093,18.546,102.6007,80
81,0.9844738167520922,18.7896,101.513,81
82,0.9873494423939864,18.8788,108.2502,82
83,0.989932495087353,18.8603,105.3377,83
84,0.9922222094179323,19.4959,105.4621,84
85,0.994217906893952,19.3302,102.982,85
86,0.995918996147179,19.5916,101.7943,86
87,0.9973249731081555,18.9006,102.1364,87
88,0.9984354211555643,19.5644,100.2229,88
89,0.9992500112396835,19.6905,106.3997,89
90,0.9997685019798909,19.7585,102.5506,90
91,0.9999907397361901,19.822,105.5653,91
92,0.9999166586547379,20.2308,101.6631,92
93,0.9995462806873573,20.5003,103.3802,93
94,0.9988797155850336,19.3045,102.7045,94
95,0.9979171608653922,20.6088,99.1507,95
96,0.9966589017541702,19.9163,105.8069,96
97,0.9951053111006976,20.6467,101.021,97
98,0.9932568492674143,19.6126,99.2727,98
99,0.9911140639934547,19.9267,102.9628,99
100,0.9886775902323405,20.0537,101.3707,100
101,0.9859481499638304,20.8069,101.9544,101
102,0.9829265519799822,20.4909,101.2361,102
103,0.9796136916454901,20.1535,96.347,103
104,0.9760105506323683,19.686,98.8184,104
105,0.9721181966290613,20.1068,98.5533,105
106,0.9679377830240642,19.7275,102.3077,106
107,0.9634705485641488,20.0989,100.1634,107
108,0.9587178169872964,20.7703,99.1744,108
109,0.9536809966304457,20.9513,100.8744,109
110,0.9483615800121715,20.0213,99.142,110
111,0.9427611433904207,20.4406,98.777,111
112,0.9368813462954315,19.8486,99.4419,112
113,0.9307239310379795,20.4271,99.0329,113
114,0.9242907221930933,21.2187,104.1492,114
115,0.9175836260593937,20.137,96.5072,115
116,0.9106046300942162,19.9611,94.9352,116
117,0.9033558023246845,20.7889,98.6164,117
118,0.895839290734909,19.8923,96.0824,118
119,0.8880573226294932,20.0397,92.7239,119
120,0.8800122039735357,19.8629,94.8693,120
121,0.8717063187093218,20.0191,95.0336,121
122,0.8631421280499114,19.3296,92.8493,122
123,0.854322169749827,19.4608,101.1519,123
124,0.8452490573530633,20.7257,93.8036,124
125,0.8359254794186372,19.4181,102.3545,125
126,0.8263541987239096,19.95,94.8981,126
127,0.8165380514459161,19.3418,99.2543,127
128,0.8064799463209448,20.0149,94.6528,128
129,0.7961828637826158,19.4425,95.8886,129
130,0.7856498550787147,18.9043,94.3758,130
131,0.7748840413670407,19.3245,93.8831,131
132,0.7638886127905428,19.1291,94.6535,132
133,0.7526668275320085,19.7615,94.9146,133
134,0.7412220108485958,19.3748,93.9527,134
135,0.7295575540864875,19.1318,93.4605,135
136,0.717676913675962,19.1708,91.4882,136
137,0.705583610107178,19.9032,92.5932,137
138,0.6932812268869777,19.0951,95.9998,138
139,0.6807734094770161,18.2753,90.5905,139
140,0.6680638642135335,18.862,94.6205,140
141,0.6551563572090853,17.8566,92.7871,141
142,0.6420547132365637,18.7755,93.502,142
143,0.6287628145958344,18.2235,88.7498,143
144,0.6152845999633276,18.4153,91.5045,144
145,0.6016240632249226,18.2516,90.0136,145
146,0.5877852522924732,18.2909,89.8349,146
147,0.5737722679043246,17.0376,93.3601,147
148,0.5595892624101765,18.154,89.3362,148
149,0.545240438540651,17.8507,90.2441,149
150,0.5307300481619334,18.0435,85.465,150
151,0.5160623910158528,17.2323,92.8681,151
152,0.5012418134457758,17.6895,90.708,152
153,0.48627270710868997,17.2798,88.4139,153
154,0.4711595076738638,18.2752,87.556,154
155,0.4559066935084588,18.4411,89.3185,155
156,0.440518784350495,17.8253,90.3738,156
157,0.42500033996955416,17.7941,91.3691,157
158,0.4093559588156213,17.3964,89.1053,158
159,0.39359027665646673,17.1569,87.1837,159
160,0.3777079652039649,16.9294,88.9705,160
161,0.36171373072976765,17.3366,88.2733,161
162,0.3456123126707335,17.7423,88.8903,162
163,0.3294084822245304,17.7257,90.0833,163
164,0.3131070409358269,17.256,82.3867,164
165,0.29671281927349075,17.0457,83.0372,165
166,0.28023067519921585,17.6223,88.7139,166
167,0.26366549272800704,16.8098,83.6285,167
168,0.24702218048093552,16.7298,85.0187,168
169,0.23030567023061221,17.3942,83.254,169
170,0.21352091543979612,17.5738,87.0598,170
171,0.19667288979357647,17.3465,79.2687,171
172,0.1797665857255624,17.4614,84.2632,172
173,0.16280701293851715,16.393,87.4596,173
174,0.1457991969198751,17.5368,82.4068,174
175,0.12874817745258132,17.9186,80.0352,175
176,0.11165900712169512,17.6982,84.1368,176
177,0.09453674981719912,17.6716,81.8865,177
178,0.07738647923346301,17.4677,85.3138,178
179,0.06021327736579302,17.4777,83.3039,179
180,0.04302223300453059,17.2768,80.7187,180
181,0.02581844022713308,17.551,82.117,181
182,0.008606996888688698,16.9495,84.4914,182
183,-0.008606996888688009,18.0797,81.861,183
184,-0.02581844022713239,17.0435,80.3492,184
185,-0.04302223300453034,17.8348,82.2844,185
186,-0.060213277365792774,18.0634,81.7238,186
187,-0.07738647923346322,17.8812,83.4481,187
188,-0.09453674981719933,18.5553,82.6519,188
189,-0.11165900712169444,16.5983,80.8566,189
190,-0.12874817745258066,17.3522,84.7177,190
191,-0.14579919691987442,18.1165,81.3116,191
192,-0.16280701293851646,16.9254,77.4407,192
193,-0.17976658572556214,17.1356,77.3398,193
194,-0.19667288979357622,17.7846,81.7324,194
195,-0.2135209154397959,16.9078,81.2812,195
196,-0.23030567023061196,17.4962,75.5051,196
197,-0.24702218048093527,17.7206,79.4691,197
198,-0.2636654927280072,17.5975,81.9767,198
199,-0.2802306751992161,17.6273,82.036,199
200,-0.2967128192734901,17.1851,81.467,200
201,-0.3131070409358267,17.5527,79.8488,201
202,-0.3294084822245302,17.2907,81.998,202
203,-0.3456123126707333,17.3142,81.2943,203
204,-0.3617137307297674,17.7606,79.85,204
205,-0.37770796520396466,16.7213,75.6907,205
206,-0.39359027665646645,16.2314,76.7875,206
207,-0.4093559588156211,17.5999,78.535,207
208,-0.42500033996955394,17.3186,79.3853,208
209,-0.4405187843504952,17.8164,82.3993,209
210,-0.455906693508459,17.7473,79.8479,210
211,-0.47115950767386394,16.7122,80.2057,211
212,-0.4862727071086902,16.3483,78.7044,212
213,-0.5012418134457756,16.7862,78.0733,213
214,-0.5160623910158526,17.7041,81.8162,214
215,-0.5307300481619331,16.984,77.0347,215
216,-0.5452404385406507,16.9625,77.8194,216
217,-0.5595892624101763,15.8793,79.8593,217
218,-0.5737722679043243,16.3872,82.2351,218
219,-0.5877852522924734,16.0658,79.0693,219
220,-0.6016240632249227,16.6613,78.8614,220
221,-0.6152845999633277,16.5522,79.9474,221
222,-0.6287628145958345,16.9353,81.2287,222
223,-0.6420547132365636,15.579,79.7529,223
224,-0.655156357209085,16.0522,82.9352,224
225,-0.6680638642135333,16.2952,83.1255,225
226,-0.6807734094770159,16.1667,80.4767,226
227,-0.6932812268869771,16.9194,85.1548,227
228,-0.7055836101071774,15.9276,81.1183,228
229,-0.7176769136759615,15.4227,83.442,229
230,-0.7295575540864876,15.694,81.9211,230
231,-0.7412220108485957,15.2533,81.9985,231
232,-0.7526668275320083,14.5699,77.9358,232
233,-0.7638886127905429,15.2352,79.1049,233
234,-0.7748840413670406,16.2635,81.0536,234
235,-0.7856498550787144,14.9264,84.2725,235
236,-0.7961828637826154,15.0892,82.7501,236
237,-0.8064799463209447,15.2748,81.5104,237
238,-0.8165380514459157,15.0013,83.654,238
239,-0.8263541987239094,14.5936,84.793,239
240,-0.8359254794186365,16.1936,82.632,240
241,-0.8452490573530634,15.6239,83.279,241
242,-0.8543221697498269,15.1891,83.1645,242
243,-0.8631421280499115,14.8033,83.0176,243
244,-0.8717063187093217,15.0146,81.6116,244
245,-0.8800122039735356,15.0827,81.6413,245
246,-0.888057322629493,14.9675,86.0949,246
247,-0.8958392907349089,14.9433,83.2742,247
248,-0.9033558023246842,15.1364,83.4257,248
249,-0.9106046300942162,14.5055,80.2804,249
250,-0.9175836260593934,13.9653,80.1383,250
251,-0.9242907221930934,15.1197,87.731,251
252,-0.9307239310379793,13.9805,83.3637,252
253,-0.9368813462954315,14.3519,78.6442,253
254,-0.9427611433904206,14.9379,90.7141,254
255,-0.9483615800121716,14.8806,84.3846,255
256,-0.9536809966304455,14.5233,82.4111,256
257,-0.9587178169872964,14.6785,86.2968,257
258,-0.9634705485641486,14.9109,88.0533,258
259,-0.9679377830240642,14.4672,88.0224,259
260,-0.9721181966290612,15.5441,88.7686,260
261,-0.9760105506323682,14.3941,84.903,261
262,-0.9796136916454901,14.8036,90.2224,262
263,-0.9829265519799822,14.7309,90.6209,263
264,-0.9859481499638303,15.0321,90.9846,264
265,-0.9886775902323404,15.69,88.6048,265
266,-0.9911140639934546,14.5932,87.4959,266
267,-0.9932568492674143,15.2676,87.562,267
268,-0.9951053111006974,15.3733,85.3629,268
269,-0.99665890175417,15.6838,87.8826,269
270,-0.9979171608653922,14.8198,84.0624,270
271,-0.9988797155850335,14.8776,85.8827,271
272,-0.9995462806873573,15.278,90.4022,272
273,-0.9999166586547379,15.3328,89.5654,273
274,-0.9999907397361901,15.0224,90.8367,274
275,-0.9997685019798909,15.8479,92.2115,275
276,-0.9992500112396835,15.8519,91.7714,276
277,-0.9984354211555643,16.575,91.8449,277
278,-0.9973249731081555,15.5707,91.27,278
279,-0.9959189961471792,15.2859,90.073,279
280,-0.994217906893952,15.3957,89.2622,280
281,-0.9922222094179324,16.0342,92.1138,281
282,-0.989932495087353,15.5982,92.6509,282
283,-0.9873494423939864,16.352,94.7876,283
284,-0.9844738167520923,15.7499,92.7244,284
285,-0.9813064702716093,16.1974,94.5501,285
286,-0.9778483415056567,16.0777,90.4249,286
287,-0.9741004551724206,15.7944,94.4537,287
288,-0.970063921851507,15.5861,94.5603,288
289,-0.965739937654855,16.8733,97.3467,289
290,-0.9611297838723007,16.4712,94.1147,290
291,-0.9562348265919058,15.7653,89.6303,291
292,-0.9510565162951536,15.8911,94.5461,292
293,-0.9455963874271428,17.3279,97.0229,293
294,-0.9398560579418953,16.0281,93.1197,294
295,-0.9338372288229252,17.1898,96.4813,295
296,-0.9275416835791965,16.5577,93.5273,296
297,-0.9209712877166347,15.7988,100.4744,297
298,-0.9141279881853337,16.2824,93.8979,298
299,-0.9070138128026362,16.8685,95.8174,299
300,-0.8996308696522434,15.7307,97.7383,300
301,-0.8919813464595487,16.2802,98.5818,301
302,-0.8840675099433637,16.2782,100.4902,302
303,-0.8758917051442433,16.7511,96.5215,303
304,-0.8674563547295971,16.7409,99.8332,304
305,-0.858763958275803,16.7088,94.6761,305
306,-0.8498170915275277,16.5792,96.3353,306
307,-0.8406184056344783,16.651,95.7016,307
308,-0.8311706263658079,15.8741,97.2789,308
309,-0.8214765533024145,16.583,100.8399,309
310,-0.8115390590073611,17.0732,98.1311,310
311,-0.801361088174677,16.4186,98.7211,311
312,-0.7909456567567774,16.122,100.4869,312
313,-0.780295851070776,16.1429,101.1325,313
314,-0.7694148268839381,16.9487,99.3871,314
315,-0.7583058084785625,15.2083,98.196,315
316,-0.7469720876965551,17.4859,104.2176,316
317,-0.7354170229639858,15.3883,99.9658,317
318,-0.7236440382959124,16.108,100.3538,318
319,-0.711656622281775,15.7137,100.7939,319
320,-0.6994583270516471,16.4464,102.657,320
321,-0.6870527672236675,16.4463,98.2598,321
322,-0.6744436188329457,16.2798,106.2241,322
323,-0.661634618242279,16.0539,101.1219,323
324,-0.6486295610349818,15.3441,103.3684,324
325,-0.6354323008901775,15.917,102.5223,325
326,-0.622046748440868,16.0425,106.3666,326
327,-0.6084768701151264,15.6054,106.1062,327
328,-0.594726686960764,16.2057,103.8591,328
329,-0.5808002734538013,16.0944,100.7802,329
330,-0.5667017562911184,15.9178,105.4792,330
331,-0.5524353131676203,15.9758,99.2034,331
332,-0.5380051715382992,15.8506,101.049,332
333,-0.5234156073655503,15.2623,102.9579,333
334,-0.5086709438521042,16.2132,99.6804,334
335,-0.49377555015997737,14.8815,102.1766,335
336,-0.4787338401157883,16.207,105.1393,336
337,-0.4635502709028512,15.4704,101.9225,337
338,-0.4482293417404106,16.283,105.4063,338
339,-0.4327755925504317,16.3816,108.878,339
340,-0.41719360261231697,16.0947,104.5521,340
341,-0.4014879892059737,16.4963,105.553,341
342,-0.38566340624360745,16.0297,106.561,342
343,-0.3697245428906732,16.0461,102.8944,343
344,-0.3536761221763721,17.0141,105.6312,344
345,-0.33752289959411347,16.1654,102.9151,345
346,-0.32126966169236515,16.32,104.6427,346
347,-0.3049212246562894,15.4914,106.0673,347
348,-0.2884824328806098,16.1666,102.1692,348
349,-0.27195815753410524,16.1101,98.8922,349
350,-0.2553532951161881,16.5582,101.9867,350
351,-0.23867276600594997,16.663,106.4455,351
352,-0.22192151300416674,16.7652,101.7201,352
353,-0.20510449986861926,16.4836,106.281,353
354,-0.1882267098432439,17.2021,101.9484,354
355,-0.1712931441814778,17.3425,103.4372,355
356,-0.154308820664281,17.4568,103.8614,356
357,-0.13727877211326517,17.1952,101.5751,357
358,-0.12020804489935275,16.7635,103.3436,358
359,-0.10310169744743544,17.6733,100.3165,359
360,-0.0859647987374467,17.0278,102.927,360
361,-0.06880242680232064,18.0943,103.4247,361
362,-0.05161966722325418,16.9484,98.5499,362
363,-0.034421611622745804,18.4087,101.4627,363
364,-0.01721335615583528,18.2218,104.0344,364
365,6.432490598706546e-16,17.4287,100.8182,365
1,0.017213356155834685,18.0939,104.22,366
2,0.03442161162274574,18.0784,104.3446,367
3,0.051619667223253764,18.3186,103.6462,368
4,0.06880242680231986,18.7144,104.6368,369
5,0.08596479873744647,17.3658,99.2479,370
6,0.10310169744743485,19.0683,104.8959,371
7,0.1202080448993527,17.7292,100.3218,372
8,0.13727877211326478,19.098,102.6548,373
9,0.15430882066428117,19.0374,106.2561,374
10,0.1712931441814776,18.4244,101.3429,375
11,0.1882267098432442,18.7775,102.0401,376
12,0.2051044998686192,19.8797,99.6309,377
13,0.2219215130041655,19.6125,105.6356,378
14,0.2386727660059501,19.4808,99.5216,379
15,0.255353295116187,19.3991,102.7892,380
16,0.2719581575341055,19.561,103.961,381
17,0.288482432880609,19.6036,102.6649,382
18,0.30492122465628907,18.5553,101.6072,383
19,0.3212696616923644,19.1484,100.8575,384
20,0.3375228995941133,20.1631,97.6696,385
21,0.3536761221763716,20.1368,104.0965,386
22,0.3697245428906731,20.1294,100.6575,387
23,0.38566340624360707,19.6378,99.9218,388
24,0.401487989205973,19.7232,97.2849,389
25,0.4171936026123168,19.012,99.6147,390
26,0.4327755925504312,19.5784,99.1568,391
27,0.4482293417404106,20.0806,103.0081,392
28,0.4635502709028509,19.7542,98.859,393
29,0.47873384011578846,19.5592,98.708,394
30,0.49377555015997715,19.5566,96.003,395
31,0.5086709438521044,19.0709,96.5134,396
32,0.5234156073655503,19.8395,99.0468,397
33,0.5380051715382996,19.541,93.7557,398
34,0.5524353131676196,20.1367,99.6384,399
35,0.5667017562911176,19.6657,99.4634,400
36,0.5808002734538009,19.0959,95.1036,401
37,0.5947266869607634,19.7678,97.4744,402
38,0.6084768701151261,20.0968,99.2997,403
39,0.6220467484408675,18.9823,95.9256,404
40,0.6354323008901774,19.6109,95.2613,405
41,0.6486295610349814,19.2305,95.2636,406
42,0.6616346182422783,19.2488,96.0075,407
43,0.6744436188329455,19.5644,93.8107,408
44,0.6870527672236669,19.511,94.0477,409
45,0.699458327051647,18.8767,95.2713,410
46,0.7116566222817746,19.9866,93.3483,411
47,0.7236440382959124,18.3391,91.5861,412
48,0.7354170229639855,19.2564,89.7812,413
49,0.7469720876965552,19.211,93.6788,414
50,0.7583058084785624,18.0636,96.0148,415
51,0.7694148268839378,19.9196,93.9467,416
52,0.7802958510707755,18.9791,90.3261,417
53,0.7909456567567772,18.7322,90.882,418
54,0.8013610881746766,19.7646,91.5515,419
55,0.8115390590073611,19.0062,96.0423,420
56,0.8214765533024142,19.1553,95.9219,421
57,0.8311706263658079,19.0756,95.3197,422
58,0.8406184056344782,19.2238,91.4811,423
59,0.8498170915275278,19.51,97.9178,424
60,0.8587639582758029,19.4502,89.1004,425
61,0.8674563547295969,18.7955,89.5932,426
62,0.8758917051442429,19.0589,92.1217,427
63,0.8840675099433636,19.0331,90.4702,428
64,0.8919813464595485,19.2212,90.3334,429
65,0.8996308696522433,19.2746,85.0684,430
66,0.9070138128026359,18.3588,86.9075,431
67,0.9141279881853337,19.0811,88.6791,432
68,0.9209712877166346,19.415,87.0231,433
69,0.9275416835791966,18.8584,85.339,434
70,0.9338372288229252,19.0614,86.7499,435
71,0.9398560579418954,18.6756,88.397,436
72,0.9455963874271426,19.1963,89.1259,437
73,0.9510565162951535,18.2476,83.1214,438
74,0.9562348265919056,19.1122,87.0102,439
75,0.9611297838723007,19.2325,86.5659,440
76,0.9657399376548549,19.7188,87.0483,441
77,0.9700639218515071,18.7707,83.8691,442
78,0.9741004551724205,19.472,83.6726,443
79,0.9778483415056568,19.2553,88.5841,444
80,0.9813064702716093,18.6314,80.1119,445
81,0.9844738167520922,19.2408,83.5566,446
82,0.9873494423939864,19.5715,84.2677,447
83,0.989932495087353,20.0814,84.2607,448
84,0.9922222094179323,19.2652,83.2433,449
85,0.994217906893952,19.0474,85.5716,450
86,0.995918996147179,19.8375,85.1668,451
87,0.9973249731081555,20.5477,83.7804,452
88,0.9984354211555643,20.8035,82.5351,453
89,0.9992500112396835,19.368,83.2113,454
90,0.9997685019798909,19.5217,83.6685,455
91,0.9999907397361901,20.2179,81.6726,456
92,0.9999166586547379,19.8478,84.3649,457
93,0.9995462806873573,20.713,85.1354,458
94,0.9988797155850336,20.4938,85.9481,459
95,0.9979171608653922,19.4572,85.6176,460
96,0.9966589017541702,19.9171,81.7531,461
97,0.9951053111006976,20.1075,82.5541,462
98,0.9932568492674143,21.2477,81.7704,463
99,0.9911140639934547,20.6277,81.6117,464
100,0.9886775902323405,20.5121,81.3283,465
101,0.9859481499638304,20.7212,81.7119,466
102,0.9829265519799822,21.3233,84.1268,467
103,0.9796136916454901,20.8533,82.114,468
104,0.9760105506323683,20.5349,78.776,469
105,0.9721181966290613,21.0406,83.257,470
106,0.9679377830240642,21.048,81.5398,471
107,0.9634705485641488,21.2101,82.0454,472
108,0.9587178169872964,20.514,81.4992,473
109,0.9536809966304457,19.3617,81.504,474
110,0.9483615800121715,19.0409,81.5157,475
111,0.9427611433904207,20.8271,76.7957,476
112,0.9368813462954315,20.1512,81.5576,477
113,0.9307239310379795,21.2476,78.8658,478
114,0.9242907221930933,21.6299,79.2989,479
115,0.9175836260593937,20.7962,80.2966,480
116,0.9106046300942162,20.6893,83.801,481
117,0.9033558023246845,20.4827,77.9877,482
118,0.895839290734909,19.9101,80.0694,483
119,0.8880573226294932,20.1469,79.5458,484
120,0.8800122039735357,20.4863,82.109,485
121,0.8717063187093218,20.3458,79.4262,486
122,0.8631421280499114,20.6355,80.518,487
123,0.854322169749827,22.2044,77.8127,488
124,0.8452490573530633,22.4872,82.4333,489
125,0.8359254794186372,22.7468,76.8829,490
126,0.8263541987239096,21.8458,81.0224,491
127,0.8165380514459161,22.7946,80.5169,492
128,0.8064799463209448,22.6844,80.8508,493
129,0.7961828637826158,22.4322,76.9589,494
130,0.7856498550787147,22.0231,79.4097,495
131,0.7748840413670407,22.8633,82.0238,496
132,0.7638886127905428,22.7383,84.0954,497
133,0.7526668275320085,22.1784,79.9514,498
134,0.7412220108485958,22.0196,81.9309,499
135,0.7295575540864875,22.2404,80.5885,500
136,0.717676913675962,19.0574,80.2333,501
137,0.705583610107178,19.5821,79.5206,502
138,0.6932812268869777,19.3816,80.5136,503
139,0.6807734094770161,18.9983,82.0615,504
140,0.6680638642135335,19.2612,82.3371,505
141,0.6551563572090853,19.6094,78.0486,506
142,0.6420547132365637,18.1583,79.761,507
143,0.6287628145958344,18.3538,78.6666,508
144,0.6152845999633276,18.6451,81.1891,509
145,0.6016240632249226,18.9649,80.4473,510
146,0.5877852522924732,18.776,82.0556,511
147,0.5737722679043246,18.845,82.3345,512
148,0.5595892624101765,18.2718,76.9256,513
149,0.545240438540651,18.3873,76.9022,514
150,0.5307300481619334,18.8389,81.8291,515
151,0.5160623910158528,18.4339,84.5979,516
152,0.5012418134457758,18.4623,81.0352,517
153,0.48627270710868997,18.1917,81.1304,518
154,0.4711595076738638,17.9337,84.622,519
155,0.4559066935084588,18.4406,84.3905,520
156,0.440518784350495,18.4868,80.6877,521
157,0.42500033996955416,18.1008,84.5,522
158,0.4093559588156213,17.5961,81.4655,523
159,0.39359027665646673,18.2029,82.1436,524
160,0.3777079652039649,18.1181,81.4123,525
161,0.36171373072976765,17.799,80.9754,526
162,0.3456123126707335,19.0076,84.1452,527
163,0.3294084822245304,18.5146,81.0746,528
164,0.3131070409358269,18.0653,84.6391,529
165,0.29671281927349075,18.0706,84.7785,530
166,0.28023067519921585,18.5119,84.3924,531
167,0.26366549272800704,18.3565,83.9423,532
168,0.24702218048093552,17.8154,83.7486,533
169,0.23030567023061221,18.0392,83.0309,534
170,0.21352091543979612,17.8721,88.7949,535
171,0.19667288979357647,17.3705,85.4121,536
172,0.1797665857255624,17.1654,85.5735,537
173,0.16280701293851715,17.9791,84.3052,538
174,0.1457991969198751,19.2151,89.4539,539
175,0.12874817745258132,18.5631,85.5029,540
176,0.11165900712169512,17.8892,87.5736,541
177,0.09453674981719912,18.0095,88.2354,542
178,0.07738647923346301,17.8098,87.7753,543
179,0.06021327736579302,17.2802,84.7077,544
180,0.04302223300453059,17.9261,89.4738,545
181,0.02581844022713308,18.0434,86.9804,546
182,0.008606996888688698,18.1794,90.2977,547
183,-0.008606996888688009,18.6334,87.3642,548
184,-0.02581844022713239,18.3843,92.5421,549
185,-0.04302223300453034,18.725,91.4718,550
186,-0.060213277365792774,18.4661,92.0791,551
187,-0.07738647923346322,18.4277,91.1737,552
188,-0.09453674981719933,18.4811,87.7086,553
189,-0.11165900712169444,17.8164,87.4064,554
190,-0.12874817745258066,18.6354,93.5243,555
191,-0.14579919691987442,18.1509,94.1966,556
192,-0.16280701293851646,18.1039,88.6578,557
193,-0.17976658572556214,18.2869,91.6861,558
194,-0.19667288979357622,18.1194,94.2248,559
195,-0.2135209154397959,17.8171,92.7745,560
196,-0.23030567023061196,18.2635,93.26,561
197,-0.24702218048093527,18.1188,90.8888,562
198,-0.2636654927280072,18.1095,92.402,563
199,-0.2802306751992161,18.2262,96.9726,564
200,-0.2967128192734901,17.2579,92.807,565
201,-0.3131070409358267,18.0471,91.6435,566
202,-0.3294084822245302,18.7702,92.3683,567
203,-0.3456123126707333,18.7157,93.7798,568
204,-0.3617137307297674,18.1289,94.5428,569
205,-0.37770796520396466,18.0765,94.4749,570
206,-0.39359027665646645,17.0417,98.7134,571
207,-0.4093559588156211,17.7024,90.789,572
208,-0.42500033996955394,18.2666,95.4832,573
209,-0.4405187843504952,17.7479,96.749,574
210,-0.455906693508459,18.3482,98.2052,575
211,-0.47115950767386394,18.2419,96.6214,576
212,-0.4862727071086902,17.5015,97.0673,577
213,-0.5012418134457756,17.7554,98.2515,578
214,-0.5160623910158526,18.2875,96.9656,579
215,-0.5307300481619331,16.8568,91.8147,580
216,-0.5452404385406507,17.297,94.8363,581
217,-0.5595892624101763,16.737,97.1263,582
218,-0.5737722679043243,16.9369,95.7548,583
219,-0.5877852522924734,18.1524,103.5611,584
220,-0.6016240632249227,17.0272,97.4785,585
221,-0.6152845999633277,16.2363,96.0825,586
222,-0.6287628145958345,16.5957,98.5767,587
223,-0.6420547132365636,16.2472,98.8668,588
224,-0.655156357209085,16.9376,97.5931,589
225,-0.6680638642135333,17.0093,100.2875,590
226,-0.6807734094770159,17.0824,96.7854,591
227,-0.6932812268869771,16.9176,98.1348,592
228,-0.7055836101071774,15.956,100.0726,593
229,-0.7176769136759615,16.6543,99.5971,594
230,-0.7295575540864876,16.3746,101.8338,595
231,-0.7412220108485957,16.8406,104.0435,596
232,-0.7526668275320083,16.6041,100.2928,597
233,-0.7638886127905429,17.1351,105.2912,598
234,-0.7748840413670406,15.6829,98.5101,599
235,-0.7856498550787144,15.6281,104.6488,600
236,-0.7961828637826154,15.7468,98.6379,601
237,-0.8064799463209447,15.9038,102.6327,602
238,-0.8165380514459157,15.5594,100.4328,603
239,-0.8263541987239094,15.4097,100.4477,604
240,-0.8359254794186365,15.9662,107.1803,605
241,-0.8452490573530634,15.5267,104.2523,606
242,-0.8543221697498269,15.3524,102.0278,607
243,-0.8631421280499115,14.9471,96.7334,608
244,-0.8717063187093217,14.5398,98.7087,609
245,-0.8800122039735356,16.1316,100.1818,610
246,-0.888057322629493,16.1175,102.828,611
247,-0.8958392907349089,15.8762,103.9385,612
248,-0.9033558023246842,15.7047,101.1554,613
249,-0.9106046300942162,15.2364,104.838,614
250,-0.9175836260593934,15.7344,104.5576,615
251,-0.9242907221930934,14.9376,102.2037,616
252,-0.9307239310379793,15.4619,100.8879,617
253,-0.9368813462954315,15.1073,104.287,618
254,-0.9427611433904206,15.7181,103.6948,619
255,-0.9483615800121716,16.1849,105.0592,620
256,-0.9536809966304455,15.0669,106.5655,621
257,-0.9587178169872964,15.3068,107.511,622
258,-0.9634705485641486,15.5809,106.151,623
259,-0.9679377830240642,14.7234,102.9847,624
260,-0.9721181966290612,14.8701,103.5471,625
261,-0.9760105506323682,16.3164,106.0797,626
262,-0.9796136916454901,15.7584,102.2196,627
263,-0.9829265519799822,15.3797,102.3921,628
264,-0.9859481499638303,15.7257,105.7009,629
265,-0.9886775902323404,15.5951,107.8272,630
266,-0.9911140639934546,15.8822,106.1955,631
267,-0.9932568492674143,15.6797,105.7386,632
268,-0.9951053111006974,15.8565,103.8638,633
269,-0.99665890175417,16.2371,102.1124,634
270,-0.9979171608653922,16.2983,105.3551,635
271,-0.9988797155850335,16.7607,107.2727,636
272,-0.9995462806873573,16.2807,103.0274,637
273,-0.9999166586547379,16.1721,102.4352,638
274,-0.9999907397361901,16.9469,102.4367,639
275,-0.9997685019798909,16.2009,104.4993,640
276,-0.9992500112396835,15.3997,106.2622,641
277,-0.9984354211555643,16.7049,99.1365,642
278,-0.9973249731081555,16.5686,103.626,643
279,-0.9959189961471792,16.4622,100.4946,644
280,-0.994217906893952,16.9837,107.7343,645
281,-0.9922222094179324,16.4176,103.6082,646
282,-0.989932495087353,15.6913,102.2693,647
283,-0.9873494423939864,17.0944,103.6011,648
284,-0.9844738167520923,16.4131,99.4594,649
285,-0.9813064702716093,16.3304,100.2652,650
286,-0.9778483415056567,15.8994,102.8097,651
287,-0.9741004551724206,17.2294,103.9185,652
288,-0.970063921851507,15.7863,101.8845,653
289,-0.965739937654855,17.4703,100.1093,654
290,-0.9611297838723007,16.7416,96.0491,655
291,-0.9562348265919058,17.3287,99.4189,656
292,-0.9510565162951536,17.1851,100.3788,657
293,-0.9455963874271428,17.8826,102.9522,658
294,-0.9398560579418953,17.2222,101.101,659
295,-0.9338372288229252,17.5685,98.1149,660
296,-0.9275416835791965,16.8101,99.5386,661
297,-0.9209712877166347,16.3858,100.9879,662
298,-0.9141279881853337,17.535,101.3607,663
299,-0.9070138128026362,16.3872,101.318,664
300,-0.8996308696522434,17.4228,100.2129,665
301,-0.8919813464595487,16.5536,96.1612,666
302,-0.8840675099433637,17.2232,102.0244,667
303,-0.8758917051442433,17.9151,100.8016,668
304,-0.8674563547295971,17.3621,100.7213,669
305,-0.858763958275803,17.0127,105.4455,670
306,-0.8498170915275277,17.1901,97.5141,671
307,-0.8406184056344783,16.7723,100.0192,672
308,-0.8311706263658079,17.987,96.5625,673
309,-0.8214765533024145,16.6292,99.3298,674
310,-0.8115390590073611,16.8988,100.3994,675
311,-0.801361088174677,17.1423,97.5985,676
312,-0.7909456567567774,16.9916,95.08,677
313,-0.780295851070776,17.0975,101.8949,678
314,-0.7694148268839381,16.5685,96.6202,679
315,-0.7583058084785625,16.6505,96.3039,680
316,-0.7469720876965551,17.1468,96.1315,681
317,-0.7354170229639858,17.0554,92.9032,682
318,-0.7236440382959124,16.8421,95.6322,683
319,-0.711656622281775,17.2204,93.7371,684
320,-0.6994583270516471,17.0875,98.7037,685
321,-0.6870527672236675,16.9276,92.3757,686
322,-0.6744436188329457,15.8559,96.3419,687
323,-0.661634618242279,16.7056,95.139,688
324,-0.6486295610349818,16.613,96.1555,689
325,-0.6354323008901775,17.1679,95.311,690
326,-0.622046748440868,15.2201,97.1043,691
327,-0.6084768701151264,16.3787,93.4443,692
328,-0.594726686960764,16.4433,90.0226,693
329,-0.5808002734538013,15.98,96.3581,694
330,-0.5667017562911184,16.0248,94.0837,695
331,-0.5524353131676203,17.0703,91.5975,696
332,-0.5380051715382992,16.6156,91.6136,697
333,-0.5234156073655503,17.2127,88.4217,698
334,-0.5086709438521042,16.3638,93.5951,699
335,-0.49377555015997737,15.8205,93.2662,700
336,-0.4787338401157883,16.3387,94.3323,701
337,-0.4635502709028512,16.2442,91.0127,702
338,-0.4482293417404106,16.7896,89.9153,703
339,-0.4327755925504317,16.818,91.4873,704
340,-0.41719360261231697,16.7784,90.6371,705
341,-0.4014879892059737,17.5738,89.4677,706
342,-0.38566340624360745,17.1454,86.6733,707
343,-0.3697245428906732,16.3139,92.8667,708
344,-0.3536761221763721,17.214,94.4973,709
345,-0.33752289959411347,16.7953,91.4663,710
346,-0.32126966169236515,16.7108,88.59,711
347,-0.3049212246562894,17.509,89.6667,712
348,-0.2884824328806098,16.5239,88.9477,713
349,-0.27195815753410524,17.4301,90.1055,714
350,-0.2553532951161881,17.4145,89.4769,715
351,-0.23867276600594997,16.7076,87.1875,716
352,-0.22192151300416674,16.4479,85.6225,717
353,-0.20510449986861926,17.2524,87.805,718
354,-0.1882267098432439,16.0215,86.0693,719
355,-0.1712931441814778,17.9164,84.0493,720
356,-0.154308820664281,17.6736,85.0899,721
357,-0.13727877211326517,18.2254,83.2541,722
358,-0.12020804489935275,17.829,85.761,723
359,-0.10310169744743544,18.535,90.9619,724
360,-0.0859647987374467,17.6062,84.9412,725
361,-0.06880242680232064,18.193,84.673,726
362,-0.05161966722325418,17.8831,84.9347,727
363,-0.034421611622745804,18.143,88.1744,728
364,-0.01721335615583528,18.3491,89.7896,729
365,6.432490598706546e-16,18.5473,88.4458,730
1,0.017213356155834685,18.13,86.428,731
2,0.03442161162274574,18.7055,82.2265,732
3,0.051619667223253764,18.6549,86.0788,733
4,0.06880242680231986,18.0528,80.8772,734
5,0.08596479873744647,17.9525,80.375,735
6,0.10310169744743485,19.3797,83.5673,736
7,0.1202080448993527,17.9359,83.1131,737
8,0.13727877211326478,18.9558,82.5435,738
9,0.15430882066428117,18.5119,87.3995,739
10,0.1712931441814776,19.9451,81.7585,740
11,0.1882267098432442,19.5259,83.4425,741
12,0.2051044998686192,19.4816,82.5439,742
13,0.2219215130041655,19.0528,83.8467,743
14,0.2386727660059501,18.8649,83.9168,744
15,0.255353295116187,19.6082,82.5617,745
16,0.2719581575341055,19.5486,80.3428,746
17,0.288482432880609,19.1286,80.1935,747
18,0.30492122465628907,19.1695,80.6549,748
19,0.3212696616923644,19.2111,82.0181,749
20,0.3375228995941133,19.2479,82.7547,750
21,0.3536761221763716,19.5013,79.8284,751
22,0.3697245428906731,20.0136,83.881,752
23,0.38566340624360707,20.0775,80.3968,753
24,0.401487989205973,19.8084,76.1294,754
25,0.4171936026123168,20.0165,85.0679,755
26,0.4327755925504312,20.1696,80.7367,756
27,0.4482293417404106,19.0591,82.4773,757
28,0.4635502709028509,19.9941,76.7313,758
29,0.47873384011578846,20.5213,78.791,759
30,0.49377555015997715,19.0734,79.6075,760
31,0.5086709438521044,18.6805,77.4543,761
32,0.5234156073655503,19.8564,79.6778,762
33,0.5380051715382996,20.4147,79.2139,763
34,0.5524353131676196,19.8855,82.7453,764
35,0.5667017562911176,20.1396,75.3791,765
36,0.5808002734538009,20.0572,81.2701,766
37,0.5947266869607634,19.3881,82.1864,767
38,0.6084768701151261,19.4886,84.4313,768
39,0.6220467484408675,19.1071,81.6513,769
40,0.6354323008901774,20.4822,77.9534,770
41,0.6486295610349814,20.172,79.429,771
42,0.6616346182422783,19.7355,80.5334,772
43,0.6744436188329455,19.6807,83.0277,773
44,0.6870527672236669,19.317,76.1307,774
45,0.699458327051647,19.892,81.2881,775
46,0.7116566222817746,19.3062,76.6611,776
47,0.7236440382959124,19.468,78.868,777
48,0.7354170229639855,19.3036,77.1658,778
49,0.7469720876965552,19.9262,78.641,779
50,0.7583058084785624,19.5305,82.0809,780
51,0.7694148268839378,19.6052,79.5012,781
52,0.7802958510707755,18.9942,78.636,782
53,0.7909456567567772,19.2023,78.4385,783
54,0.8013610881746766,19.5378,78.0277,784
55,0.8115390590073611,18.7855,82.2788,785
56,0.8214765533024142,19.3692,80.8205,786
57,0.8311706263658079,19.4603,81.6139,787
58,0.8406184056344782,18.8428,77.7677,788
59,0.8498170915275278,19.9079,81.139,789
60,0.8587639582758029,19.539,76.3172,790
61,0.8674563547295969,19.4051,83.9251,791
62,0.8758917051442429,19.1445,82.6433,792
63,0.8840675099433636,18.7207,81.3005,793
64,0.8919813464595485,19.8257,76.5411,794
65,0.8996308696522433,19.2457,79.6723,795
66,0.9070138128026359,18.8223,78.9349,796
67,0.9141279881853337,19.1804,81.7535,797
68,0.9209712877166346,19.7501,83.1233,798
69,0.9275416835791966,19.6787,83.1584,799
70,0.9338372288229252,19.1538,86.0891,800
71,0.9398560579418954,20.1335,82.6674,801
72,0.9455963874271426,19.0547,85.7451,802
73,0.9510565162951535,20.3028,82.4554,803
74,0.9562348265919056,19.8427,84.4442,804
75,0.9611297838723007,19.6073,83.0358,805
76,0.9657399376548549,19.7267,84.3413,806
77,0.9700639218515071,19.9162,83.8103,807
78,0.9741004551724205,20.155,82.613,808
79,0.9778483415056568,19.2643,90.7208,809
80,0.9813064702716093,19.7088,85.2309,810
81,0.9844738167520922,20.1355,86.0008,811
82,0.9873494423939864,20.7068,86.6227,812
83,0.989932495087353,20.7318,85.5895,813
84,0.9922222094179323,20.9316,80.2318,814
85,0.994217906893952,20.8339,86.4408,815
86,0.995918996147179,19.9946,83.1615,816
87,0.9973249731081555,20.4586,86.399,817
88,0.9984354211555643,21.0196,86.9363,818
89,0.9992500112396835,20.9771,82.6686,819
90,0.9997685019798909,20.5547,86.8116,820
91,0.9999907397361901,20.8936,83.8008,821
92,0.9999166586547379,20.9928,81.9727,822
93,0.9995462806873573,20.8067,84.2498,823
94,0.9988797155850336,21.4008,87.5213,824
95,0.9979171608653922,20.6143,87.6436,825
96,0.9966589017541702,21.5424,87.1773,826
97,0.9951053111006976,20.8727,89.7287,827
98,0.9932568492674143,20.3671,88.2874,828
99,0.9911140639934547,20.3406,89.9226,829
100,0.9886775902323405,21.2406,90.9837,830
101,0.9859481499638304,20.7682,94.8442,831
102,0.9829265519799822,22.0407,89.6315,832
103,0.9796136916454901,20.9827,92.7438,833
104,0.9760105506323683,21.2979,90.8819,834
105,0.9721181966290613,21.0068,91.2767,835
106,0.9679377830240642,20.6108,90.7278,836
107,0.9634705485641488,21.5529,91.49,837
108,0.9587178169872964,20.6243,90.9613,838
109,0.9536809966304457,21.5531,93.9055,839
110,0.9483615800121715,21.2191,90.4028,840
111,0.9427611433904207,20.8607,88.9678,841
112,0.9368813462954315,21.8931,91.3552,842
113,0.9307239310379795,21.614,91.4003,843
114,0.9242907221930933,21.4241,91.8914,844
115,0.9175836260593937,21.6954,93.0325,845
116,0.9106046300942162,20.5597,92.4342,846
117,0.9033558023246845,20.9766,90.8369,847
118,0.895839290734909,21.3708,91.3948,848
119,0.8880573226294932,22.2382,93.3824,849
120,0.8800122039735357,21.1865,90.8473,850
121,0.8717063187093218,20.8439,92.4506,851
122,0.8631421280499114,20.0044,95.5036,852
123,0.854322169749827,21.8575,95.9722,853
124,0.8452490573530633,21.0445,94.7106,854
125,0.8359254794186372,20.8343,98.2182,855
126,0.8263541987239096,19.7802,94.9384,856
127,0.8165380514459161,20.7215,97.8777,857
128,0.8064799463209448,20.7192,94.4884,858
129,0.7961828637826158,20.367,95.6786,859
130,0.7856498550787147,19.9632,98.5404,860
131,0.7748840413670407,19.8758,99.752,861
132,0.7638886127905428,21.251,96.2285,862
133,0.7526668275320085,20.4018,100.4023,863
134,0.7412220108485958,19.9892,96.0856,864
135,0.7295575540864875,20.1943,98.5456,865
136,0.717676913675962,20.0822,98.4108,866
137,0.705583610107178,19.3668,98.3622,867
138,0.6932812268869777,20.3424,97.9171,868
139,0.6807734094770161,19.7464,96.2591,869
140,0.6680638642135335,19.8204,97.6784,870
141,0.6551563572090853,20.3716,98.8355,871
142,0.6420547132365637,19.0663,101.0097,872
143,0.6287628145958344,19.24,101.5727,873
144,0.6152845999633276,19.6262,99.0234,874
145,0.6016240632249226,19.8202,99.4034,875
146,0.5877852522924732,19.0657,98.9696,876
147,0.5737722679043246,19.0283,99.4134,877
148,0.5595892624101765,19.5502,103.4551,878
149,0.545240438540651,20.2445,104.9736,879
150,0.5307300481619334,19.1268,99.1144,880
151,0.5160623910158528,18.6878,98.9599,881
152,0.5012418134457758,18.5259,100.322,882
153,0.48627270710868997,18.8782,99.5499,883
154,0.4711595076738638,19.2736,99.3381,884
155,0.4559066935084588,20.1261,100.1416,885
156,0.440518784350495,18.8692,101.3083,886
157,0.42500033996955416,19.5484,99.5871,887
158,0.4093559588156213,18.9476,105.03,888
159,0.39359027665646673,18.8168,99.7291,889
160,0.3777079652039649,19.3625,100.3445,890
161,0.36171373072976765,18.7784,104.706,891
162,0.3456123126707335,18.1905,97.6743,892
163,0.3294084822245304,19.248,104.6505,893
164,0.3131070409358269,17.9869,105.675,894
165,0.29671281927349075,19.132,103.99,895
166,0.28023067519921585,18.6157,99.7643,896
167,0.26366549272800704,18.5339,104.0955,897
168,0.24702218048093552,18.4682,99.4928,898
169,0.23030567023061221,18.5927,102.9162,899
170,0.21352091543979612,18.4604,102.4595,900
171,0.19667288979357647,18.8816,103.6688,901
172,0.1797665857255624,18.502,103.1374,902
173,0.16280701293851715,17.8451,104.0554,903
174,0.1457991969198751,18.7338,104.9409,904
175,0.12874817745258132,19.1705,104.0119,905
176,0.11165900712169512,17.8141,99.6555,906
177,0.09453674981719912,18.7757,104.5752,907
178,0.07738647923346301,18.5865,104.3623,908
179,0.06021327736579302,19.246,105.4586,909
180,0.04302223300453059,18.7231,105.0648,910
181,0.02581844022713308,19.137,99.3601,911
182,0.008606996888688698,19.1872,106.6757,912
183,-0.008606996888688009,19.1628,102.0376,913
184,-0.02581844022713239,19.624,105.8449,914
185,-0.04302223300453034,18.7906,101.9971,915
186,-0.060213277365792774,18.9758,105.5354,916
187,-0.07738647923346322,19.1003,101.3941,917
188,-0.09453674981719933,19.0093,105.0802,918
189,-0.11165900712169444,18.8531,104.2392,919
190,-0.12874817745258066,18.6044,106.9513,920
191,-0.14579919691987442,18.9647,102.3442,921
192,-0.16280701293851646,18.3266,105.5013,922
193,-0.17976658572556214,18.0248,100.6104,923
194,-0.19667288979357622,18.4703,103.4846,924
195,-0.2135209154397959,19.2533,102.4806,925
196,-0.23030567023061196,19.043,101.8234,926
197,-0.24702218048093527,19.237,102.4788,927
198,-0.2636654927280072,18.6269,104.0796,928
199,-0.2802306751992161,19.3707,102.5547,929
200,-0.2967128192734901,18.2633,103.6771,930
201,-0.3131070409358267,18.3834,104.1344,931
202,-0.3294084822245302,19.3212,105.6747,932
203,-0.3456123126707333,18.8667,103.0746,933
204,-0.3617137307297674,19.0497,101.8415,934
205,-0.37770796520396466,18.8041,101.345,935
206,-0.39359027665646645,18.4324,103.9331,936
207,-0.4093559588156211,18.0594,100.5084,937
208,-0.42500033996955394,17.7096,99.3664,938
209,-0.4405187843504952,19.3379,103.1531,939
210,-0.455906693508459,17.7513,104.5177,940
211,-0.47115950767386394,19.0423,102.8064,941
212,-0.4862727071086902,18.3515,100.0319,942
213,-0.5012418134457756,18.317,96.4401,943
214,-0.5160623910158526,18.241,98.3337,944
215,-0.5307300481619331,18.3093,97.0506,945
216,-0.5452404385406507,17.7055,102.5467,946
217,-0.5595892624101763,16.9534,97.5948,947
218,-0.5737722679043243,17.6057,99.3092,948
219,-0.5877852522924734,17.9567,96.2783,949
220,-0.6016240632249227,17.2158,98.4919,950
221,-0.6152845999633277,18.0961,98.0494,951
222,-0.6287628145958345,17.5022,100.3799,952
223,-0.6420547132365636,16.9543,100.1958,953
224,-0.655156357209085,17.4428,98.682,954
225,-0.6680638642135333,17.4745,97.3507,955
226,-0.6807734094770159,17.4154,96.4378,956
227,-0.6932812268869771,15.8245,99.1362,957
228,-0.7055836101071774,18.0995,100.3051,958
229,-0.7176769136759615,19.8027,96.0926,959
230,-0.7295575540864876,18.6087,96.5086,960
231,-0.7412220108485957,19.631,94.5565,961
232,-0.7526668275320083,19.5779,92.489,962
233,-0.7638886127905429,18.5075,96.3463,963
234,-0.7748840413670406,18.4997,94.9336,964
235,-0.7856498550787144,19.2552,97.869,965
236,-0.7961828637826154,18.6084,91.926,966
237,-0.8064799463209447,19.3304,93.5522,967
238,-0.8165380514459157,19.3963,92.2222,968
239,-0.8263541987239094,18.1286,94.8588,969
240,-0.8359254794186365,18.2197,93.1802,970
241,-0.8452490573530634,16.157,91.6029,971
242,-0.8543221697498269,15.088,91.4413,972
243,-0.8631421280499115,15.2378,93.0419,973
244,-0.8717063187093217,15.5918,91.956,974
245,-0.8800122039735356,16.8641,91.4269,975
246,-0.888057322629493,16.0687,93.1998,976
247,-0.8958392907349089,15.5901,88.8992,977
248,-0.9033558023246842,15.4548,93.012,978
249,-0.9106046300942162,15.3762,94.267,979
250,-0.9175836260593934,15.6099,91.37,980
251,-0.9242907221930934,15.5893,92.0922,981
252,-0.9307239310379793,15.7562,90.8657,982
253,-0.9368813462954315,16.0692,89.5771,983
254,-0.9427611433904206,15.8417,91.4488,984
255,-0.9483615800121716,16.2314,89.7094,985
256,-0.9536809966304455,15.7532,89.8704,986
257,-0.9587178169872964,16.6806,90.3531,987
258,-0.9634705485641486,16.2462,86.9085,988
259,-0.9679377830240642,16.0074,85.428,989
260,-0.9721181966290612,16.2489,92.7949,990
261,-0.9760105506323682,15.7709,89.4433,991
262,-0.9796136916454901,15.9402,88.8759,992
263,-0.9829265519799822,15.9387,86.8197,993
264,-0.9859481499638303,15.7896,88.7282,994
265,-0.9886775902323404,15.5384,86.2628,995
266,-0.9911140639934546,16.4719,88.6431,996
267,-0.9932568492674143,16.703,88.0421,997
268,-0.9951053111006974,16.4894,87.477,998
269,-0.99665890175417,16.327,87.7057,999
270,-0.9979171608653922,17.3933,85.6256,1000
271,-0.9988797155850335,16.151,85.5578,1001
272,-0.9995462806873573,16.6397,87.2684,1002
273,-0.9999166586547379,17.0359,82.9874,1003
274,-0.9999907397361901,16.1183,85.638,1004
275,-0.9997685019798909,16.9865,88.2309,1005
276,-0.9992500112396835,17.4924,82.6072,1006
277,-0.9984354211555643,16.7908,86.6155,1007
278,-0.9973249731081555,16.9427,88.4451,1008
279,-0.9959189961471792,16.5811,84.6687,1009
280,-0.994217906893952,17.1575,85.7982,1010
281,-0.9922222094179324,16.6197,84.3418,1011
282,-0.989932495087353,16.9923,84.3906,1012
283,-0.9873494423939864,16.3662,80.9703,1013
284,-0.9844738167520923,15.9492,84.9506,1014
285,-0.9813064702716093,16.9345,83.9666,1015
286,-0.9778483415056567,16.9933,86.2046,1016
287,-0.9741004551724206,17.0537,84.5934,1017
288,-0.970063921851507,17.5808,83.2134,1018
289,-0.965739937654855,17.7109,81.7706,1019
290,-0.9611297838723007,17.4066,80.4319,1020
291,-0.9562348265919058,17.6442,84.4823,1021
292,-0.9510565162951536,17.0494,86.508,1022
293,-0.9455963874271428,16.8749,79.1018,1023
294,-0.9398560579418953,17.6135,83.4381,1024
295,-0.9338372288229252,16.8795,82.0643,1025
296,-0.9275416835791965,16.8583,83.3857,1026
297,-0.9209712877166347,18.7095,84.1128,1027
298,-0.9141279881853337,17.666,82.239,1028
299,-0.9070138128026362,16.5642,80.2236,1029
300,-0.8996308696522434,16.879,79.8624,1030
301,-0.8919813464595487,18.1157,77.8909,1031
302,-0.8840675099433637,17.5464,81.566,1032
303,-0.8758917051442433,17.2692,80.1828,1033
304,-0.8674563547295971,17.3506,82.8872,1034
305,-0.858763958275803,17.2477,81.8409,1035
306,-0.8498170915275277,16.6598,79.8346,1036
307,-0.8406184056344783,17.1102,76.1559,1037
308,-0.8311706263658079,16.6794,80.5567,1038
309,-0.8214765533024145,17.2549,80.2879,1039
310,-0.8115390590073611,16.7366,75.5576,1040
311,-0.801361088174677,17.3629,81.1399,1041
312,-0.7909456567567774,17.1907,77.6548,1042
313,-0.780295851070776,17.4977,82.397,1043
314,-0.7694148268839381,16.8789,79.899,1044
315,-0.7583058084785625,17.2567,78.6909,1045
316,-0.7469720876965551,17.3222,80.4775,1046
317,-0.7354170229639858,17.3772,80.3173,1047
318,-0.7236440382959124,17.333,80.2202,1048
319,-0.711656622281775,16.6114,81.9188,1049
320,-0.6994583270516471,17.5716,76.0221,1050
321,-0.6870527672236675,16.1357,80.5677,1051
322,-0.6744436188329457,17.2063,78.4417,1052
323,-0.661634618242279,16.6193,79.4119,1053
324,-0.6486295610349818,16.4043,83.1302,1054
325,-0.6354323008901775,16.8965,78.3195,1055
326,-0.622046748440868,17.0425,80.9676,1056
327,-0.6084768701151264,16.9115,82.1525,1057
328,-0.594726686960764,16.6866,81.2695,1058
329,-0.5808002734538013,16.8358,80.3818,1059
330,-0.5667017562911184,17.1379,80.7741,1060
331,-0.5524353131676203,16.8214,81.585,1061
332,-0.5380051715382992,16.8018,78.6524,1062
333,-0.5234156073655503,16.8886,80.4454,1063
334,-0.5086709438521042,16.6385,85.4417,1064
335,-0.49377555015997737,17.3254,81.6024,1065
336,-0.4787338401157883,17.9096,80.9808,1066
337,-0.4635502709028512,17.0165,80.0309,1067
338,-0.4482293417404106,16.7312,79.2083,1068
339,-0.4327755925504317,17.3318,81.6219,1069
340,-0.41719360261231697,17.5575,81.8904,1070
341,-0.4014879892059737,16.8728,81.099,1071
342,-0.38566340624360745,17.3199,87.3816,1072
343,-0.3697245428906732,16.7901,79.9802,1073
344,-0.3536761221763721,17.5725,79.6247,1074
345,-0.33752289959411347,17.2819,81.0377,1075
346,-0.32126966169236515,17.6238,81.8454,1076
347,-0.3049212246562894,16.8558,80.2731,1077
348,-0.2884824328806098,17.7078,82.7853,1078
349,-0.27195815753410524,17.1487,83.1841,1079
350,-0.2553532951161881,17.2632,84.1085,1080
351,-0.23867276600594997,17.2205,81.6409,1081
352,-0.22192151300416674,18.0602,85.8257,1082
353,-0.20510449986861926,18.4024,84.4736,1083
354,-0.1882267098432439,17.2172,89.5143,1084
355,-0.1712931441814778,17.7043,81.8903,1085
356,-0.154308820664281,17.5846,81.8354,1086
357,-0.13727877211326517,17.6292,83.2447,1087
358,-0.12020804489935275,18.3108,84.8418,1088
359,-0.10310169744743544,18.615,85.3678,1089
360,-0.0859647987374467,18.3179,85.8447,1090
361,-0.06880242680232064,18.7282,89.397,1091
362,-0.05161966722325418,18.1636,80.8491,1092
363,-0.034421611622745804,18.7228,81.3371,1093
364,-0.01721335615583528,18.6439,85.1213,1094
365,6.432490598706546e-16,19.2545,90.0397,1095
1,0.017213356155834685,18.6503,87.4426,1096
2,0.03442161162274574,19.1351,83.8798,1097
3,0.051619667223253764,18.4076,86.6942,1098
4,0.06880242680231986,19.3318,86.1554,1099
5,0.08596479873744647,19.0487,86.3201,1100
6,0.10310169744743485,19.4147,85.8503,1101
7,0.1202080448993527,19.8689,87.4835,1102
8,0.13727877211326478,19.5738,89.9104,1103
9,0.15430882066428117,19.9433,86.78,1104
10,0.1712931441814776,19.657,89.3805,1105
11,0.1882267098432442,20.3727,90.0307,1106
12,0.2051044998686192,20.8168,91.3905,1107
13,0.2219215130041655,20.034,86.9014,1108
14,0.2386727660059501,20.0713,89.0927,1109
15,0.255353295116187,19.4904,87.9014,1110
16,0.2719581575341055,19.8899,89.7968,1111
17,0.288482432880609,19.9315,90.0465,1112
18,0.30492122465628907,20.4124,87.7035,1113
19,0.3212696616923644,20.6461,90.7212,1114
20,0.3375228995941133,20.6053,95.4653,1115
21,0.3536761221763716,19.9881,91.9915,1116
22,0.3697245428906731,21.1719,88.3616,1117
23,0.38566340624360707,20.0288,89.43,1118
24,0.401487989205973,20.5067,91.6447,1119
25,0.4171936026123168,20.4088,90.0145,1120
26,0.4327755925504312,20.2573,94.9739,1121
27,0.4482293417404106,20.9888,89.4723,1122
28,0.4635502709028509,20.3454,93.8903,1123
29,0.47873384011578846,20.2416,89.5949,1124
30,0.49377555015997715,21.1449,93.2232,1125
31,0.5086709438521044,20.5566,91.3303,1126
32,0.5234156073655503,19.5653,95.3625,1127
33,0.5380051715382996,20.1084,96.417,1128
34,0.5524353131676196,20.7245,95.1375,1129
35,0.5667017562911176,20.8703,97.0563,1130
36,0.5808002734538009,20.1646,89.702,1131
37,0.5947266869607634,20.4812,95.4965,1132
38,0.6084768701151261,20.916,96.5019,1133
39,0.6220467484408675,20.4491,97.0468,1134
40,0.6354323008901774,20.2557,91.9014,1135
41,0.6486295610349814,20.0086,97.1325,1136
42,0.6616346182422783,20.8918,97.8563,1137
43,0.6744436188329455,19.0684,96.9954,1138
44,0.6870527672236669,21.2359,94.1509,1139
45,0.699458327051647,19.4906,96.0042,1140
46,0.7116566222817746,20.4137,100.1654,1141
47,0.7236440382959124,20.5065,100.1173,1142
48,0.7354170229639855,20.5064,98.9309,1143
49,0.7469720876965552,21.3533,99.6893,1144
50,0.7583058084785624,19.6049,100.5206,1145
51,0.7694148268839378,20.7975,99.5934,1146
52,0.7802958510707755,20.095,101.4798,1147
53,0.7909456567567772,20.6885,101.6163,1148
54,0.8013610881746766,19.9576,104.929,1149
55,0.8115390590073611,20.0651,98.3656,1150
56,0.8214765533024142,19.7943,98.612,1151
57,0.8311706263658079,19.9331,93.8174,1152
58,0.8406184056344782,19.986,100.9086,1153
59,0.8498170915275278,20.2546,104.5506,1154
60,0.8587639582758029,20.3513,103.3255,1155
61,0.8674563547295969,20.3522,102.4916,1156
62,0.8758917051442429,20.2741,103.8688,1157
63,0.8840675099433636,20.402,102.1283,1158
64,0.8919813464595485,20.413,100.5775,1159
65,0.8996308696522433,20.1932,106.2976,1160
66,0.9070138128026359,20.8536,102.4703,1161
67,0.9141279881853337,20.3358,104.2168,1162
68,0.9209712877166346,20.497,96.6206,1163
69,0.9275416835791966,20.9603,97.132,1164
70,0.9338372288229252,20.8448,102.5335,1165
71,0.9398560579418954,19.7041,100.3167,1166
72,0.9455963874271426,20.4571,103.0106,1167
73,0.9510565162951535,20.5321,101.4858,1168
74,0.9562348265919056,20.9997,108.7804,1169
75,0.9611297838723007,21.0052,105.1205,1170
76,0.9657399376548549,20.6002,106.1805,1171
77,0.9700639218515071,20.5586,98.5139,1172
78,0.9741004551724205,20.3357,104.9232,1173
79,0.9778483415056568,20.4894,102.8468,1174
80,0.9813064702716093,21.2384,106.6311,1175
81,0.9844738167520922,21.2159,104.8461,1176
82,0.9873494423939864,21.0655,103.4111,1177
83,0.989932495087353,20.0217,100.9601,1178
84,0.9922222094179323,21.2466,103.9665,1179
85,0.994217906893952,21.8962,106.3595,1180
86,0.995918996147179,20.8098,107.2101,1181
87,0.9973249731081555,21.4845,103.0322,1182
88,0.9984354211555643,22.0702,109.4225,1183
89,0.9992500112396835,21.2513,106.3541,1184
90,0.9997685019798909,21.7859,101.9815,1185
91,0.9999907397361901,21.3746,101.5302,1186
92,0.9999166586547379,22.2799,103.7203,1187
93,0.9995462806873573,20.5126,103.2076,1188
94,0.9988797155850336,21.3698,105.1068,1189
95,0.9979171608653922,21.6823,104.0938,1190
96,0.9966589017541702,22.1153,103.3948,1191
97,0.9951053111006976,21.5377,100.6156,1192
98,0.9932568492674143,21.5936,105.4777,1193
99,0.9911140639934547,22.1481,100.4123,1194
100,0.9886775902323405,21.9336,106.3954,1195
101,0.9859481499638304,22.2212,99.5775,1196
102,0.9829265519799822,22.0777,100.2005,1197
103,0.9796136916454901,21.4607,101.8547,1198
104,0.9760105506323683,21.9313,102.7839,1199
105,0.9721181966290613,22.2887,102.2819,1200
106,0.9679377830240642,22.4813,102.6549,1201
107,0.9634705485641488,21.7523,104.1861,1202
108,0.9587178169872964,21.297,101.5879,1203
109,0.9536809966304457,21.9073,104.0523,1204
110,0.9483615800121715,21.749,98.1078,1205
111,0.9427611433904207,22.727,101.2525,1206
112,0.9368813462954315,21.3327,99.3913,1207
113,0.9307239310379795,22.6462,105.4763,1208
114,0.9242907221930933,21.6779,101.2868,1209
115,0.9175836260593937,20.9223,104.1673,1210
116,0.9106046300942162,21.7447,98.5975,1211
117,0.9033558023246845,21.7277,105.9769,1212
118,0.895839290734909,22.3543,102.659,1213
119,0.8880573226294932,21.5921,106.9365,1214
120,0.8800122039735357,22.5662,102.1236,1215
121,0.8717063187093218,22.116,98.666,1216
122,0.8631421280499114,21.6566,99.6237,1217
123,0.854322169749827,21.14,101.1744,1218
124,0.8452490573530633,21.613,99.3847,1219
125,0.8359254794186372,21.4165,103.5722,1220
126,0.8263541987239096,21.6389,101.366,1221
127,0.8165380514459161,21.6161,98.8993,1222
128,0.8064799463209448,22.4289,102.66,1223
129,0.7961828637826158,20.9442,99.8461,1224
130,0.7856498550787147,21.4721,102.177,1225
131,0.7748840413670407,20.8091,99.1156,1226
132,0.7638886127905428,20.5668,101.2865,1227
133,0.7526668275320085,20.8737,98.9921,1228
134,0.7412220108485958,20.5171,101.8816,1229
135,0.7295575540864875,19.77,95.4286,1230
136,0.717676913675962,19.975,96.4988,1231
137,0.705583610107178,19.9784,98.7133,1232
138,0.6932812268869777,20.0692,97.2878,1233
139,0.6807734094770161,20.939,97.6416,1234
140,0.6680638642135335,20.3005,99.8407,1235
141,0.6551563572090853,19.9901,97.1405,1236
142,0.6420547132365637,20.3916,98.6431,1237
143,0.6287628145958344,20.037,95.6897,1238
144,0.6152845999633276,20.0126,92.9783,1239
145,0.6016240632249226,19.7936,98.8833,1240
146,0.5877852522924732,19.4817,100.9591,1241
147,0.5737722679043246,19.7532,97.1947,1242
148,0.5595892624101765,19.6454,96.2469,1243
149,0.545240438540651,20.0227,96.4521,1244
150,0.5307300481619334,19.6154,98.9944,1245
151,0.5160623910158528,19.2306,97.5019,1246
152,0.5012418134457758,19.1502,97.1363,1247
153,0.48627270710868997,20.4477,97.5919,1248
154,0.4711595076738638,18.389,94.6635,1249
155,0.4559066935084588,19.8769,93.4645,1250
156,0.440518784350495,19.4253,95.6238,1251
157,0.42500033996955416,19.5084,96.3618,1252
158,0.4093559588156213,19.6783,96.5562,1253
159,0.39359027665646673,19.4062,96.9585,1254
160,0.3777079652039649,19.0659,95.3351,1255
161,0.36171373072976765,19.9115,91.7525,1256
162,0.3456123126707335,19.5097,93.2829,1257
163,0.3294084822245304,18.8668,92.8106,1258
164,0.3131070409358269,19.7629,92.2934,1259
165,0.29671281927349075,18.3529,93.2215,1260
166,0.28023067519921585,19.8997,91.2572,1261
167,0.26366549272800704,18.2852,90.9913,1262
168,0.24702218048093552,19.4585,95.3575,1263
169,0.23030567023061221,18.9353,90.7703,1264
170,0.21352091543979612,18.8941,93.0376,1265
171,0.19667288979357647,19.3909,92.9154,1266
172,0.1797665857255624,19.1976,90.6611,1267
173,0.16280701293851715,19.6024,89.4724,1268
174,0.1457991969198751,18.3959,87.6892,1269
175,0.12874817745258132,19.4623,90.6815,1270
176,0.11165900712169512,19.3726,90.1244,1271
177,0.09453674981719912,19.5375,88.1024,1272
178,0.07738647923346301,18.9867,88.4486,1273
179,0.06021327736579302,20.124,87.6056,1274
180,0.04302223300453059,19.4179,84.2197,1275
181,0.02581844022713308,19.1613,84.0895,1276
182,0.008606996888688698,18.3196,86.5785,1277
183,-0.008606996888688009,19.1229,88.1396,1278
184,-0.02581844022713239,19.6193,82.419,1279
185,-0.04302223300453034,20.0173,89.9504,1280
186,-0.060213277365792774,19.3496,87.3418,1281
187,-0.07738647923346322,20.1204,89.2355,1282
188,-0.09453674981719933,18.9414,88.5718,1283
189,-0.11165900712169444,19.5431,86.2882,1284
190,-0.12874817745258066,19.5059,81.6345,1285
191,-0.14579919691987442,19.6905,90.3898,1286
192,-0.16280701293851646,19.461,88.4077,1287
193,-0.17976658572556214,19.5039,84.7855,1288
194,-0.19667288979357622,18.8705,82.9357,1289
195,-0.2135209154397959,19.9651,87.304,1290
196,-0.23030567023061196,19.7088,82.1291,1291
197,-0.24702218048093527,19.4318,83.9134,1292
198,-0.2636654927280072,19.7192,84.9164,1293
199,-0.2802306751992161,19.8714,83.8892,1294
200,-0.2967128192734901,19.4951,84.1954,1295
201,-0.3131070409358267,20.1234,81.4933,1296
202,-0.3294084822245302,19.4716,84.1762,1297
203,-0.3456123126707333,18.6866,79.4251,1298
204,-0.3617137307297674,19.2183,85.5116,1299
205,-0.37770796520396466,19.4271,78.4077,1300
206,-0.39359027665646645,19.5816,81.2562,1301
207,-0.4093559588156211,18.9977,82.0986,1302
208,-0.42500033996955394,18.479,84.7297,1303
209,-0.4405187843504952,18.6779,79.8009,1304
210,-0.455906693508459,18.1532,83.6591,1305
211,-0.47115950767386394,18.9918,78.0289,1306
212,-0.4862727071086902,18.4049,80.2366,1307
213,-0.5012418134457756,18.1724,77.3479,1308
214,-0.5160623910158526,18.8728,81.2913,1309
215,-0.5307300481619331,19.105,79.4917,1310
216,-0.5452404385406507,17.9774,79.5682,1311
217,-0.5595892624101763,18.3602,84.3479,1312
218,-0.5737722679043243,18.0603,79.6482,1313
219,-0.5877852522924734,18.7591,83.7419,1314
220,-0.6016240632249227,17.9409,78.8765,1315
221,-0.6152845999633277,17.4574,80.7857,1316
222,-0.6287628145958345,17.8166,80.3845,1317
223,-0.6420547132365636,18.3058,82.9409,1318
224,-0.655156357209085,17.5442,79.6395,1319
225,-0.6680638642135333,17.3205,81.7623,1320
226,-0.6807734094770159,17.46,81.5389,1321
227,-0.6932812268869771,16.9465,78.0602,1322
228,-0.7055836101071774,17.2903,83.3313,1323
229,-0.7176769136759615,17.056,83.7174,1324
230,-0.7295575540864876,18.2512,80.7161,1325
231,-0.7412220108485957,16.2099,77.7221,1326
232,-0.7526668275320083,16.6809,82.8577,1327
233,-0.7638886127905429,16.6844,79.9665,1328
234,-0.7748840413670406,16.4602,80.593,1329
235,-0.7856498550787144,17.0137,79.6041,1330
236,-0.7961828637826154,16.4127,77.7847,1331
237,-0.8064799463209447,16.0439,79.2478,1332
238,-0.8165380514459157,16.6834,79.0975,1333
239,-0.8263541987239094,16.4573,79.1693,1334
240,-0.8359254794186365,16.2469,80.0317,1335
241,-0.8452490573530634,17.1635,81.6289,1336
242,-0.8543221697498269,16.6658,79.1261,1337
243,-0.8631421280499115,16.5827,79.6657,1338
244,-0.8717063187093217,16.664,83.6886,1339
245,-0.8800122039735356,16.5247,76.3994,1340
246,-0.888057322629493,16.2779,83.076,1341
247,-0.8958392907349089,16.0432,82.6228,1342
248,-0.9033558023246842,16.3386,77.2388,1343
249,-0.9106046300942162,16.1513,76.7231,1344
250,-0.9175836260593934,15.4759,83.5045,1345
251,-0.9242907221930934,15.8032,77.9503,1346
252,-0.9307239310379793,16.1397,80.7233,1347
253,-0.9368813462954315,16.7811,84.0438,1348
254,-0.9427611433904206,16.4062,82.1639,1349
255,-0.9483615800121716,15.9672,82.0535,1350
256,-0.9536809966304455,15.8879,83.1938,1351
257,-0.9587178169872964,16.9464,83.2707,1352
258,-0.9634705485641486,16.3453,82.027,1353
259,-0.9679377830240642,15.174,82.5793,1354
260,-0.9721181966290612,16.4434,82.5043,1355
261,-0.9760105506323682,16.8415,81.8737,1356
262,-0.9796136916454901,16.0512,81.9715,1357
263,-0.9829265519799822,16.637,81.9807,1358
264,-0.9859481499638303,16.7327,82.7054,1359
265,-0.9886775902323404,16.2443,84.9046,1360
266,-0.9911140639934546,17.3415,83.1748,1361
267,-0.9932568492674143,16.8439,79.147,1362
268,-0.9951053111006974,16.6806,81.8547,1363
269,-0.99665890175417,16.8179,81.3359,1364
270,-0.9979171608653922,16.4539,87.5655,1365
271,-0.9988797155850335,16.4144,81.1341,1366
272,-0.9995462806873573,16.926,87.7043,1367
273,-0.9999166586547379,16.964,84.0483,1368
274,-0.9999907397361901,17.0726,82.2318,1369
275,-0.9997685019798909,17.9518,89.9263,1370
276,-0.9992500112396835,17.5858,82.8541,1371
277,-0.9984354211555643,16.5513,83.1172,1372
278,-0.9973249731081555,17.9761,87.4091,1373
279,-0.9959189961471792,17.2966,87.6906,1374
280,-0.994217906893952,17.8651,85.2487,1375
281,-0.9922222094179324,17.4153,86.7065,1376
282,-0.989932495087353,17.6386,82.5159,1377
283,-0.9873494423939864,17.1656,88.6874,1378
284,-0.9844738167520923,17.8857,87.9574,1379
285,-0.9813064702716093,18.173,88.4437,1380
286,-0.9778483415056567,17.0534,85.5095,1381
287,-0.9741004551724206,18.2212,86.11,1382
288,-0.970063921851507,17.5415,86.3401,1383
289,-0.965739937654855,18.6387,83.7765,1384
290,-0.9611297838723007,18.2933,89.8532,1385
291,-0.9562348265919058,18.234,90.4208,1386
292,-0.9510565162951536,17.8895,88.0113,1387
293,-0.9455963874271428,19.1616,87.8669,1388
294,-0.9398560579418953,17.8076,90.2909,1389
295,-0.9338372288229252,17.5703,90.3538,1390
296,-0.9275416835791965,17.7632,92.9028,1391
297,-0.9209712877166347,18.5189,90.9597,1392
298,-0.9141279881853337,18.0806,90.9693,1393
299,-0.9070138128026362,18.0018,90.413,1394
300,-0.8996308696522434,17.8055,89.3877,1395
301,-0.8919813464595487,18.0066,94.1794,1396
302,-0.8840675099433637,17.7541,89.464,1397
303,-0.8758917051442433,18.3285,93.8824,1398
304,-0.8674563547295971,17.8803,92.9635,1399
305,-0.858763958275803,17.6908,93.2614,1400
306,-0.8498170915275277,18.3766,91.6981,1401
307,-0.8406184056344783,17.5083,94.4618,1402
308,-0.8311706263658079,17.9319,90.9251,1403
309,-0.8214765533024145,17.0663,96.8732,1404
310,-0.8115390590073611,17.2469,93.9559,1405
311,-0.801361088174677,17.6532,92.2153,1406
312,-0.7909456567567774,17.5571,92.9521,1407
313,-0.780295851070776,17.5418,94.1585,1408
314,-0.7694148268839381,18.0687,91.1897,1409
315,-0.7583058084785625,18.1297,96.3266,1410
316,-0.7469720876965551,17.7986,91.5425,1411
317,-0.7354170229639858,17.2335,96.6796,1412
318,-0.7236440382959124,17.6034,95.4714,1413
319,-0.711656622281775,18.5471,99.7609,1414
320,-0.6994583270516471,18.689,92.3018,1415
321,-0.6870527672236675,18.0077,94.203,1416
322,-0.6744436188329457,17.1498,98.6026,1417
323,-0.661634618242279,17.5206,97.8015,1418
324,-0.6486295610349818,17.6605,98.1822,1419
325,-0.6354323008901775,17.5961,99.8386,1420
326,-0.622046748440868,18.0107,97.0786,1421
327,-0.6084768701151264,17.8607,98.9633,1422
328,-0.594726686960764,17.0254,96.46,1423
329,-0.5808002734538013,17.2194,96.9058,1424
330,-0.5667017562911184,17.9776,100.114,1425
331,-0.5524353131676203,18.1649,98.2695,1426
332,-0.5380051715382992,17.6819,101.8444,1427
333,-0.5234156073655503,20.6383,97.2453,1428
334,-0.5086709438521042,20.025,99.1352,1429
335,-0.49377555015997737,19.5832,98.7347,1430
336,-0.4787338401157883,20.2652,96.4595,1431
337,-0.4635502709028512,21.406,98.1718,1432
338,-0.4482293417404106,19.4902,97.7067,1433
339,-0.4327755925504317,20.8251,101.4151,1434
340,-0.41719360261231697,20.4255,100.6274,1435
341,-0.4014879892059737,19.8596,96.6177,1436
342,-0.38566340624360745,19.3829,98.4955,1437
343,-0.3697245428906732,19.3125,101.2942,1438
344,-0.3536761221763721,20.1005,98.3029,1439
345,-0.33752289959411347,20.5958,99.5531,1440
346,-0.32126966169236515,18.5154,102.2198,1441
347,-0.3049212246562894,18.7075,103.3634,1442
348,-0.2884824328806098,18.3833,101.8598,1443
349,-0.27195815753410524,18.3996,103.1402,1444
350,-0.2553532951161881,18.2407,101.2869,1445
351,-0.23867276600594997,18.6502,100.5028,1446
352,-0.22192151300416674,18.2649,102.2301,1447
353,-0.20510449986861926,18.0896,101.1102,1448
354,-0.1882267098432439,18.8011,104.8455,1449
355,-0.1712931441814778,19.1709,100.9135,1450
356,-0.154308820664281,18.2737,101.6927,1451
357,-0.13727877211326517,18.7995,105.281,1452
358,-0.12020804489935275,19.1159,102.2378,1453
359,-0.10310169744743544,19.2421,105.7485,1454
360,-0.0859647987374467,19.5112,100.6885,1455
361,-0.06880242680232064,20.2303,102.3457,1456
362,-0.05161966722325418,18.4833,103.4905,1457
363,-0.034421611622745804,20.4687,104.3538,1458
364,-0.01721335615583528,20.5443,107.1033,1459
365,6.432490598706546e-16,20.1561,101.4557,1460
1,0.017213356155834685,19.947,102.1677,1461
2,0.03442161162274574,19.6328,101.0067,1462
3,0.051619667223253764,20.4326,102.3645,1463
4,0.06880242680231986,20.2795,105.653,1464
5,0.08596479873744647,20.0436,100.9536,1465
6,0.10310169744743485,20.6744,102.3102,1466
7,0.1202080448993527,20.89,106.5648,1467
8,0.13727877211326478,19.2087,102.3264,1468
9,0.15430882066428117,21.1295,100.1097,1469
10,0.1712931441814776,20.2598,103.1172,1470
11,0.1882267098432442,21.2894,107.6108,1471
12,0.2051044998686192,20.6104,104.0417,1472
13,0.2219215130041655,20.9019,103.6822,1473
14,0.2386727660059501,21.0932,107.4718,1474
15,0.255353295116187,21.46,105.5218,1475
16,0.2719581575341055,21.2734,101.3181,1476
17,0.288482432880609,19.8705,103.2042,1477
18,0.30492122465628907,20.5381,99.1252,1478
19,0.3212696616923644,21.1555,104.9248,1479
20,0.3375228995941133,22.0068,104.1047,1480
21,0.3536761221763716,21.1077,100.8443,1481
22,0.3697245428906731,20.8559,104.2373,1482
23,0.38566340624360707,20.4814,103.5553,1483
24,0.401487989205973,20.9487,106.5145,1484
25,0.4171936026123168,21.2709,107.7957,1485
26,0.4327755925504312,21.2449,105.4965,1486
27,0.4482293417404106,20.9843,103.0697,1487
28,0.4635502709028509,21.3968,103.2964,1488
29,0.47873384011578846,21.1727,101.2004,1489
30,0.49377555015997715,22.2643,101.4694,1490
31,0.5086709438521044,21.9314,102.4947,1491
32,0.5234156073655503,21.3398,102.1368,1492
33,0.5380051715382996,20.9793,99.5299,1493
34,0.5524353131676196,21.9192,102.7646,1494
35,0.5667017562911176,21.8108,102.6491,1495
36,0.5808002734538009,21.9117,103.4245,1496
37,0.5947266869607634,22.2149,101.7341,1497
38,0.6084768701151261,20.7599,100.6403,1498
39,0.6220467484408675,22.11,98.8854,1499
40,0.6354323008901774,20.9385,103.1848,1500
41,0.6486295610349814,21.3831,103.9596,1501
42,0.6616346182422783,20.3688,105.3623,1502
43,0.6744436188329455,20.7707,100.2736,1503
44,0.6870527672236669,21.3832,96.3314,1504
45,0.699458327051647,21.2564,99.8904,1505
46,0.7116566222817746,20.8069,105.4843,1506
47,0.7236440382959124,20.9194,99.1695,1507
48,0.7354170229639855,20.6226,102.0672,1508
49,0.7469720876965552,21.2862,98.3024,1509
50,0.7583058084785624,19.8939,100.3149,1510
51,0.7694148268839378,21.4257,96.5736,1511
52,0.7802958510707755,20.4304,99.9377,1512
53,0.7909456567567772,20.7465,98.4589,1513
54,0.8013610881746766,20.1377,100.2294,1514
55,0.8115390590073611,20.8168,96.5343,1515
56,0.8214765533024142,20.9601,97.9352,1516
57,0.8311706263658079,20.8255,95.2172,1517
58,0.8406184056344782,20.9398,100.0879,1518
59,0.8498170915275278,20.65,97.7539,1519
60,0.8587639582758029,20.6355,95.3699,1520
61,0.8674563547295969,20.6732,99.7341,1521
62,0.8758917051442429,20.4552,94.7587,1522
63,0.8840675099433636,20.5473,96.9094,1523
64,0.8919813464595485,20.9712,97.2842,1524
65,0.8996308696522433,21.4034,97.9191,1525
66,0.9070138128026359,20.3646,97.8991,1526
67,0.9141279881853337,20.7234,93.4634,1527
68,0.9209712877166346,20.283,94.1999,1528
69,0.9275416835791966,20.6107,93.9604,1529
70,0.9338372288229252,20.7079,93.1922,1530
71,0.9398560579418954,21.0232,96.9997,1531
72,0.9455963874271426,21.0818,99.5807,1532
73,0.9510565162951535,20.9742,93.2391,1533
74,0.9562348265919056,21.2252,94.1751,1534
75,0.9611297838723007,20.742,97.9123,1535
76,0.9657399376548549,21.2309,94.9656,1536
77,0.9700639218515071,21.4692,89.3508,1537
78,0.9741004551724205,20.8625,95.3271,1538
79,0.9778483415056568,20.4906,92.2496,1539
80,0.9813064702716093,21.7595,89.2306,1540
81,0.9844738167520922,20.8648,90.7046,1541
82,0.9873494423939864,21.2029,91.9664,1542
83,0.989932495087353,21.8088,90.157,1543
84,0.9922222094179323,21.1074,88.3685,1544
85,0.994217906893952,22.0428,90.9954,1545
86,0.995918996147179,21.3929,93.1132,1546
87,0.9973249731081555,21.388,92.185,1547
88,0.9984354211555643,21.3101,93.875,1548
89,0.9992500112396835,21.5667,92.5156,1549
90,0.9997685019798909,22.2002,93.7589,1550
91,0.9999907397361901,21.6716,86.8327,1551
92,0.9999166586547379,22.4786,90.5262,1552
93,0.9995462806873573,22.0513,88.3932,1553
94,0.9988797155850336,22.1591,89.9602,1554
95,0.9979171608653922,21.7241,85.1909,1555
96,0.9966589017541702,22.719,88.3008,1556
97,0.9951053111006976,22.5981,91.0876,1557
98,0.9932568492674143,22.585,87.9157,1558
99,0.9911140639934547,22.1864,85.5704,1559
100,0.9886775902323405,21.7184,84.9803,1560
101,0.9859481499638304,22.4199,87.2859,1561
102,0.9829265519799822,22.6133,87.8264,1562
103,0.9796136916454901,22.6241,86.6117,1563
104,0.9760105506323683,22.5658,85.7513,1564
105,0.9721181966290613,22.5381,84.0181,1565
106,0.9679377830240642,22.1128,86.8598,1566
107,0.9634705485641488,22.1185,85.2802,1567
108,0.9587178169872964,21.8746,83.7883,1568
109,0.9536809966304457,22.9003,87.5152,1569
110,0.9483615800121715,23.2772,85.7005,1570
111,0.9427611433904207,23.7186,83.8932,1571
112,0.9368813462954315,22.4476,83.6042,1572
113,0.9307239310379795,22.4709,83.0288,1573
114,0.9242907221930933,22.2555,85.5456,1574
115,0.9175836260593937,22.4059,87.4235,1575
116,0.9106046300942162,21.812,83.9215,1576
117,0.9033558023246845,22.1232,84.0633,1577
118,0.895839290734909,21.7616,81.625,1578
119,0.8880573226294932,22.03,88.6661,1579
120,0.8800122039735357,21.6727,79.4127,1580
121,0.8717063187093218,22.2139,82.3391,1581
122,0.8631421280499114,22.229,83.5123,1582
123,0.854322169749827,21.9837,80.7173,1583
124,0.8452490573530633,21.4804,80.0578,1584
125,0.8359254794186372,21.1556,79.8203,1585
126,0.8263541987239096,21.9824,84.0399,1586
127,0.8165380514459161,21.6157,83.7118,1587
128,0.8064799463209448,20.726,83.1418,1588
129,0.7961828637826158,21.5247,83.2067,1589
130,0.7856498550787147,21.5327,82.568,1590
131,0.7748840413670407,20.5667,78.9027,1591
132,0.7638886127905428,21.4232,79.3991,1592
133,0.7526668275320085,20.5107,82.3808,1593
134,0.7412220108485958,20.6768,78.6068,1594
135,0.7295575540864875,20.3258,79.8873,1595
136,0.717676913675962,20.4611,77.4588,1596
137,0.705583610107178,20.2603,80.6967,1597
138,0.6932812268869777,21.1841,80.1777,1598
139,0.6807734094770161,20.5062,77.4998,1599
140,0.6680638642135335,20.3962,82.5553,1600
141,0.6551563572090853,20.9912,78.9818,1601
142,0.6420547132365637,20.8989,79.5192,1602
143,0.6287628145958344,20.1961,81.0915,1603
144,0.6152845999633276,20.4272,81.1639,1604
145,0.6016240632249226,19.9843,82.3214,1605
146,0.5877852522924732,20.1138,80.139,1606
147,0.5737722679043246,19.6367,81.5763,1607
148,0.5595892624101765,20.2581,82.2494,1608
149,0.545240438540651,20.4754,77.1058,1609
150,0.5307300481619334,20.4244,84.915,1610
151,0.5160623910158528,19.9422,83.1424,1611
152,0.5012418134457758,18.9472,76.3568,1612
153,0.48627270710868997,19.5196,80.5884,1613
154,0.4711595076738638,19.6887,78.0362,1614
155,0.4559066935084588,19.069,81.4297,1615
156,0.440518784350495,20.3431,79.1211,1616
157,0.42500033996955416,20.0111,77.7821,1617
158,0.4093559588156213,19.8571,79.1264,1618
159,0.39359027665646673,19.9665,82.658,1619
160,0.3777079652039649,19.093,82.301,1620
161,0.36171373072976765,19.2195,82.8138,1621
162,0.3456123126707335,19.6869,81.0034,1622
163,0.3294084822245304,19.7215,81.5743,1623
164,0.3131070409358269,18.9238,78.7309,1624
165,0.29671281927349075,19.6595,82.5926,1625
166,0.28023067519921585,19.5653,83.2938,1626
167,0.26366549272800704,19.9577,77.7713,1627
168,0.24702218048093552,19.7116,80.1509,1628
169,0.23030567023061221,20.3002,79.6499,1629
170,0.21352091543979612,19.4143,79.2599,1630
171,0.19667288979357647,19.1145,81.5443,1631
172,0.1797665857255624,20.3527,82.16,1632
173,0.16280701293851715,19.8006,80.4841,1633
174,0.1457991969198751,19.5639,75.6499,1634
175,0.12874817745258132,19.2967,81.1506,1635
176,0.11165900712169512,19.5751,84.3643,1636
177,0.09453674981719912,19.5395,81.7455,1637
178,0.07738647923346301,19.1748,78.0748,1638
179,0.06021327736579302,18.8315,84.5669,1639
180,0.04302223300453059,19.5761,80.9321,1640
181,0.02581844022713308,20.1882,86.6242,1641
182,0.008606996888688698,20.388,81.7374,1642
183,-0.008606996888688009,20.2686,81.5134,1643
184,-0.02581844022713239,20.2982,80.3369,1644
185,-0.04302223300453034,19.3933,82.6212,1645
186,-0.060213277365792774,19.9999,83.2295,1646
187,-0.07738647923346322,20.1291,82.8155,1647
188,-0.09453674981719933,20.1666,82.8221,1648
189,-0.11165900712169444,19.8947,85.2824,1649
190,-0.12874817745258066,19.9721,83.5471,1650
191,-0.14579919691987442,20.8603,85.9411,1651
192,-0.16280701293851646,20.3816,87.0133,1652
193,-0.17976658572556214,20.2279,91.9609,1653
194,-0.19667288979357622,20.2373,86.4555,1654
195,-0.2135209154397959,19.6715,83.3959,1655
196,-0.23030567023061196,20.1629,84.7316,1656
197,-0.24702218048093527,19.9259,85.6947,1657
198,-0.2636654927280072,20.2654,88.706,1658
199,-0.2802306751992161,19.519,86.1963,1659
200,-0.2967128192734901,20.1759,89.291,1660
201,-0.3131070409358267,19.5837,83.5035,1661
202,-0.3294084822245302,20.0876,87.6478,1662
203,-0.3456123126707333,19.8467,89.5347,1663
204,-0.3617137307297674,19.6979,89.071,1664
205,-0.37770796520396466,19.4734,86.5542,1665
206,-0.39359027665646645,19.5455,88.3336,1666
207,-0.4093559588156211,19.2805,84.4005,1667
208,-0.42500033996955394,19.3294,88.9312,1668
209,-0.4405187843504952,19.6099,88.5249,1669
210,-0.455906693508459,18.5752,86.956,1670
211,-0.47115950767386394,19.6076,88.827,1671
212,-0.4862727071086902,19.6035,93.5699,1672
213,-0.5012418134457756,18.9954,86.8926,1673
214,-0.5160623910158526,19.1549,90.9538,1674
215,-0.5307300481619331,18.5974,91.8429,1675
216,-0.5452404385406507,19.1124,91.0672,1676
217,-0.5595892624101763,18.505,93.0092,1677
218,-0.5737722679043243,17.543,90.7023,1678
219,-0.5877852522924734,18.4383,90.3635,1679
220,-0.6016240632249227,18.6595,89.7569,1680
221,-0.6152845999633277,17.5144,92.1462,1681
222,-0.6287628145958345,18.0408,93.0125,1682
223,-0.6420547132365636,17.8093,93.8757,1683
224,-0.655156357209085,18.1673,93.1417,1684
225,-0.6680638642135333,18.2793,94.0104,1685
226,-0.6807734094770159,17.4392,93.0494,1686
227,-0.6932812268869771,17.7586,90.6274,1687
228,-0.7055836101071774,17.7109,94.1245,1688
229,-0.7176769136759615,17.8018,95.7825,1689
230,-0.7295575540864876,17.6883,92.5472,1690
231,-0.7412220108485957,17.9212,95.429,1691
232,-0.7526668275320083,17.45,99.3249,1692
233,-0.7638886127905429,17.8263,95.2895,1693
234,-0.7748840413670406,17.3484,95.6567,1694
235,-0.7856498550787144,17.2443,92.555,1695
236,-0.7961828637826154,16.6538,93.8544,1696
237,-0.8064799463209447,16.9143,94.717,1697
238,-0.8165380514459157,17.6434,98.0006,1698
239,-0.8263541987239094,17.1713,94.9742,1699
240,-0.8359254794186365,16.9993,93.1185,1700
241,-0.8452490573530634,17.6151,98.3256,1701
242,-0.8543221697498269,17.6544,96.1177,1702
243,-0.8631421280499115,16.5693,94.5876,1703
244,-0.8717063187093217,17.9165,99.716,1704
245,-0.8800122039735356,17.1199,99.4699,1705
246,-0.888057322629493,16.1407,93.7814,1706
247,-0.8958392907349089,16.939,99.1185,1707
248,-0.9033558023246842,17.0894,96.6206,1708
249,-0.9106046300942162,17.5138,99.5228,1709
250,-0.9175836260593934,17.6431,99.7824,1710
251,-0.9242907221930934,17.0403,99.7081,1711
252,-0.9307239310379793,16.6892,102.2368,1712
253,-0.9368813462954315,17.358,106.2878,1713
254,-0.9427611433904206,17.3786,101.1306,1714
255,-0.9483615800121716,17.5597,104.615,1715
256,-0.9536809966304455,17.7677,97.1424,1716
257,-0.9587178169872964,17.2463,100.1075,1717
258,-0.9634705485641486,17.442,98.2225,1718
259,-0.9679377830240642,17.3019,99.7787,1719
260,-0.9721181966290612,18.1709,100.757,1720
261,-0.9760105506323682,17.4263,105.9085,1721
262,-0.9796136916454901,17.2302,101.849,1722
263,-0.9829265519799822,17.3236,104.2972,1723
264,-0.9859481499638303,17.9196,101.0879,1724
265,-0.9886775902323404,17.509,100.9764,1725
266,-0.9911140639934546,17.8668,98.8225,1726
267,-0.9932568492674143,18.0202,106.7068,1727
268,-0.9951053111006974,17.3562,105.7831,1728
269,-0.99665890175417,17.335,103.212,1729
270,-0.9979171608653922,18.15,102.3105,1730
271,-0.9988797155850335,17.2312,103.1497,1731
272,-0.9995462806873573,17.2637,100.1413,1732
273,-0.9999166586547379,18.9172,104.2186,1733
274,-0.9999907397361901,17.2133,106.2322,1734
275,-0.9997685019798909,18.5438,106.453,1735
276,-0.9992500112396835,17.9611,100.013,1736
277,-0.9984354211555643,18.4672,105.9032,1737
278,-0.9973249731081555,18.4817,100.6875,1738
279,-0.9959189961471792,18.1339,98.9338,1739
280,-0.994217906893952,18.3763,106.2026,1740
281,-0.9922222094179324,18.7703,102.6584,1741
282,-0.989932495087353,19.0416,105.9516,1742
283,-0.9873494423939864,18.9766,105.7758,1743
284,-0.9844738167520923,18.6439,105.5038,1744
285,-0.9813064702716093,18.436,104.1215,1745
286,-0.9778483415056567,18.111,101.2845,1746
287,-0.9741004551724206,18.7037,103.3524,1747
288,-0.970063921851507,18.6483,107.1577,1748
289,-0.965739937654855,19.1646,106.2046,1749
290,-0.9611297838723007,18.9342,103.4908,1750
291,-0.9562348265919058,19.2782,103.4612,1751
292,-0.9510565162951536,18.1845,105.3868,1752
293,-0.9455963874271428,19.4598,104.3282,1753
294,-0.9398560579418953,18.9178,103.553,1754
295,-0.9338372288229252,18.273,105.1255,1755
296,-0.9275416835791965,18.1122,105.015,1756
297,-0.9209712877166347,19.1912,102.4759,1757
298,-0.9141279881853337,18.5907,104.592,1758
299,-0.9070138128026362,18.6947,104.7383,1759
300,-0.8996308696522434,18.9948,103.7268,1760
301,-0.8919813464595487,18.684,102.0361,1761
302,-0.8840675099433637,17.947,102.8806,1762
303,-0.8758917051442433,19.3314,101.468,1763
304,-0.8674563547295971,18.0436,104.2591,1764
305,-0.858763958275803,18.5149,99.9378,1765
306,-0.8498170915275277,18.5384,106.6694,1766
307,-0.8406184056344783,18.7477,106.0128,1767
308,-0.8311706263658079,17.9383,104.0711,1768
309,-0.8214765533024145,18.3719,104.9883,1769
310,-0.8115390590073611,18.1243,104.7104,1770
311,-0.801361088174677,18.6003,103.0816,1771
312,-0.7909456567567774,18.5841,102.2283,1772
313,-0.780295851070776,18.0757,101.8508,1773
314,-0.7694148268839381,18.8579,105.8334,1774
315,-0.7583058084785625,18.5483,100.4868,1775
316,-0.7469720876965551,17.7294,100.381,1776
317,-0.7354170229639858,17.513,104.1384,1777
318,-0.7236440382959124,18.1348,103.7473,1778
319,-0.711656622281775,18.3756,101.0821,1779
320,-0.6994583270516471,17.8147,102.6606,1780
321,-0.6870527672236675,18.2174,102.7907,1781
322,-0.6744436188329457,18.0161,98.2735,1782
323,-0.661634618242279,18.8971,103.8962,1783
324,-0.6486295610349818,17.5725,102.2517,1784
325,-0.6354323008901775,18.4707,101.5646,1785
326,-0.622046748440868,18.4359,101.8893,1786
327,-0.6084768701151264,18.0321,100.8952,1787
328,-0.594726686960764,17.1799,98.5569,1788
329,-0.5808002734538013,18.141,100.4377,1789
330,-0.5667017562911184,17.463,100.7085,1790
331,-0.5524353131676203,18.9973,100.6885,1791
332,-0.5380051715382992,18.0393,99.226,1792
333,-0.5234156073655503,19.0009,99.5136,1793
334,-0.5086709438521042,18.1597,96.3587,1794
335,-0.49377555015997737,17.8492,96.6251,1795
336,-0.4787338401157883,18.7466,98.0457,1796
337,-0.4635502709028512,18.4201,101.8843,1797
338,-0.4482293417404106,19.316,96.8579,1798
339,-0.4327755925504317,17.9733,96.5073,1799
340,-0.41719360261231697,18.8644,93.3017,1800
341,-0.4014879892059737,19.442,99.0928,1801
342,-0.38566340624360745,18.9973,93.6593,1802
343,-0.3697245428906732,18.7955,96.6218,1803
344,-0.3536761221763721,19.105,92.5914,1804
345,-0.33752289959411347,18.5516,97.6937,1805
346,-0.32126966169236515,18.2849,97.1275,1806
347,-0.3049212246562894,18.4558,94.1764,1807
348,-0.2884824328806098,19.089,91.1164,1808
349,-0.27195815753410524,18.5394,97.5536,1809
350,-0.2553532951161881,18.7895,95.4363,1810
351,-0.23867276600594997,18.7048,95.1293,1811
352,-0.22192151300416674,19.5098,92.1991,1812
353,-0.20510449986861926,20.0513,93.7367,1813
354,-0.1882267098432439,18.8127,93.7127,1814
355,-0.1712931441814778,19.6313,96.0428,1815
356,-0.154308820664281,19.9582,94.6748,1816
357,-0.13727877211326517,19.4181,91.3711,1817
358,-0.12020804489935275,18.9975,92.1612,1818
359,-0.10310169744743544,20.2681,91.6894,1819
360,-0.0859647987374467,19.1654,92.5221,1820
361,-0.06880242680232064,20.5642,88.3079,1821
362,-0.05161966722325418,19.6534,91.2629,1822
363,-0.034421611622745804,19.3656,90.59,1823
364,-0.01721335615583528,19.9881,94.0551,1824
365,6.432490598706546e-16,20.2755,93.6647,1825
1,0.017213356155834685,20.4568,93.5342,1826
